"date","year","month","stopa","data_origin"
"2000-01-01",2000,1,16.12,"Dane syntetyczne — scenariusz dydaktyczny, nie obserwacje urzędowe"
"2000-02-01",2000,2,15.87,"Dane syntetyczne — scenariusz dydaktyczny, nie obserwacje urzędowe"
"2000-03-01",2000,3,15.3,"Dane syntetyczne — scenariusz dydaktyczny, nie obserwacje urzędowe"
"2000-04-01",2000,4,15.12,"Dane syntetyczne — scenariusz dydaktyczny, nie obserwacje urzędowe"
"2000-05-01",2000,5,14.73,"Dane syntetyczne — scenariusz dydaktyczny, nie obserwacje urzędowe"
"2000-06-01",2000,6,14.87,"Dane syntetyczne — scenariusz dydaktyczny, nie obserwacje urzędowe"
"2000-07-01",2000,7,15.6,"Dane syntetyczne — scenariusz dydaktyczny, nie obserwacje urzędowe"
"2000-08-01",2000,8,15.83,"Dane syntetyczne — scenariusz dydaktyczny, nie obserwacje urzędowe"
"2000-09-01",2000,9,16.05,"Dane syntetyczne — scenariusz dydaktyczny, nie obserwacje urzędowe"
"2000-10-01",2000,10,16.58,"Dane syntetyczne — scenariusz dydaktyczny, nie obserwacje urzędowe"
"2000-11-01",2000,11,17.05,"Dane syntetyczne — scenariusz dydaktyczny, nie obserwacje urzędowe"
"2000-12-01",2000,12,17.13,"Dane syntetyczne — scenariusz dydaktyczny, nie obserwacje urzędowe"
"2001-01-01",2001,1,17.37,"Dane syntetyczne — scenariusz dydaktyczny, nie obserwacje urzędowe"
"2001-02-01",2001,2,17.5,"Dane syntetyczne — scenariusz dydaktyczny, nie obserwacje urzędowe"
"2001-03-01",2001,3,17.09,"Dane syntetyczne — scenariusz dydaktyczny, nie obserwacje urzędowe"
"2001-04-01",2001,4,16.62,"Dane syntetyczne — scenariusz dydaktyczny, nie obserwacje urzędowe"
"2001-05-01",2001,5,16.54,"Dane syntetyczne — scenariusz dydaktyczny, nie obserwacje urzędowe"
"2001-06-01",2001,6,16.61,"Dane syntetyczne — scenariusz dydaktyczny, nie obserwacje urzędowe"
"2001-07-01",2001,7,17.25,"Dane syntetyczne — scenariusz dydaktyczny, nie obserwacje urzędowe"
"2001-08-01",2001,8,17.29,"Dane syntetyczne — scenariusz dydaktyczny, nie obserwacje urzędowe"
"2001-09-01",2001,9,17.54,"Dane syntetyczne — scenariusz dydaktyczny, nie obserwacje urzędowe"
"2001-10-01",2001,10,17.88,"Dane syntetyczne — scenariusz dydaktyczny, nie obserwacje urzędowe"
"2001-11-01",2001,11,18.66,"Dane syntetyczne — scenariusz dydaktyczny, nie obserwacje urzędowe"
"2001-12-01",2001,12,18.98,"Dane syntetyczne — scenariusz dydaktyczny, nie obserwacje urzędowe"
"2002-01-01",2002,1,19.02,"Dane syntetyczne — scenariusz dydaktyczny, nie obserwacje urzędowe"
"2002-02-01",2002,2,19.09,"Dane syntetyczne — scenariusz dydaktyczny, nie obserwacje urzędowe"
"2002-03-01",2002,3,18.75,"Dane syntetyczne — scenariusz dydaktyczny, nie obserwacje urzędowe"
"2002-04-01",2002,4,18.38,"Dane syntetyczne — scenariusz dydaktyczny, nie obserwacje urzędowe"
"2002-05-01",2002,5,18.36,"Dane syntetyczne — scenariusz dydaktyczny, nie obserwacje urzędowe"
"2002-06-01",2002,6,18.4,"Dane syntetyczne — scenariusz dydaktyczny, nie obserwacje urzędowe"
"2002-07-01",2002,7,18.8,"Dane syntetyczne — scenariusz dydaktyczny, nie obserwacje urzędowe"
"2002-08-01",2002,8,19.05,"Dane syntetyczne — scenariusz dydaktyczny, nie obserwacje urzędowe"
"2002-09-01",2002,9,19.31,"Dane syntetyczne — scenariusz dydaktyczny, nie obserwacje urzędowe"
"2002-10-01",2002,10,19.71,"Dane syntetyczne — scenariusz dydaktyczny, nie obserwacje urzędowe"
"2002-11-01",2002,11,20.28,"Dane syntetyczne — scenariusz dydaktyczny, nie obserwacje urzędowe"
"2002-12-01",2002,12,20.39,"Dane syntetyczne — scenariusz dydaktyczny, nie obserwacje urzędowe"
"2003-01-01",2003,1,20.75,"Dane syntetyczne — scenariusz dydaktyczny, nie obserwacje urzędowe"
"2003-02-01",2003,2,20.57,"Dane syntetyczne — scenariusz dydaktyczny, nie obserwacje urzędowe"
"2003-03-01",2003,3,20.13,"Dane syntetyczne — scenariusz dydaktyczny, nie obserwacje urzędowe"
"2003-04-01",2003,4,19.28,"Dane syntetyczne — scenariusz dydaktyczny, nie obserwacje urzędowe"
"2003-05-01",2003,5,19.07,"Dane syntetyczne — scenariusz dydaktyczny, nie obserwacje urzędowe"
"2003-06-01",2003,6,18.56,"Dane syntetyczne — scenariusz dydaktyczny, nie obserwacje urzędowe"
"2003-07-01",2003,7,18.76,"Dane syntetyczne — scenariusz dydaktyczny, nie obserwacje urzędowe"
"2003-08-01",2003,8,18.91,"Dane syntetyczne — scenariusz dydaktyczny, nie obserwacje urzędowe"
"2003-09-01",2003,9,18.86,"Dane syntetyczne — scenariusz dydaktyczny, nie obserwacje urzędowe"
"2003-10-01",2003,10,19.22,"Dane syntetyczne — scenariusz dydaktyczny, nie obserwacje urzędowe"
"2003-11-01",2003,11,19.47,"Dane syntetyczne — scenariusz dydaktyczny, nie obserwacje urzędowe"
"2003-12-01",2003,12,19.3,"Dane syntetyczne — scenariusz dydaktyczny, nie obserwacje urzędowe"
"2004-01-01",2004,1,19.03,"Dane syntetyczne — scenariusz dydaktyczny, nie obserwacje urzędowe"
"2004-02-01",2004,2,18.58,"Dane syntetyczne — scenariusz dydaktyczny, nie obserwacje urzędowe"
"2004-03-01",2004,3,18.2,"Dane syntetyczne — scenariusz dydaktyczny, nie obserwacje urzędowe"
"2004-04-01",2004,4,17.39,"Dane syntetyczne — scenariusz dydaktyczny, nie obserwacje urzędowe"
"2004-05-01",2004,5,17.03,"Dane syntetyczne — scenariusz dydaktyczny, nie obserwacje urzędowe"
"2004-06-01",2004,6,16.88,"Dane syntetyczne — scenariusz dydaktyczny, nie obserwacje urzędowe"
"2004-07-01",2004,7,17.13,"Dane syntetyczne — scenariusz dydaktyczny, nie obserwacje urzędowe"
"2004-08-01",2004,8,16.92,"Dane syntetyczne — scenariusz dydaktyczny, nie obserwacje urzędowe"
"2004-09-01",2004,9,17,"Dane syntetyczne — scenariusz dydaktyczny, nie obserwacje urzędowe"
"2004-10-01",2004,10,17.07,"Dane syntetyczne — scenariusz dydaktyczny, nie obserwacje urzędowe"
"2004-11-01",2004,11,17.53,"Dane syntetyczne — scenariusz dydaktyczny, nie obserwacje urzędowe"
"2004-12-01",2004,12,17.83,"Dane syntetyczne — scenariusz dydaktyczny, nie obserwacje urzędowe"
"2005-01-01",2005,1,17.8,"Dane syntetyczne — scenariusz dydaktyczny, nie obserwacje urzędowe"
"2005-02-01",2005,2,17.03,"Dane syntetyczne — scenariusz dydaktyczny, nie obserwacje urzędowe"
"2005-03-01",2005,3,16.49,"Dane syntetyczne — scenariusz dydaktyczny, nie obserwacje urzędowe"
"2005-04-01",2005,4,15.72,"Dane syntetyczne — scenariusz dydaktyczny, nie obserwacje urzędowe"
"2005-05-01",2005,5,15.16,"Dane syntetyczne — scenariusz dydaktyczny, nie obserwacje urzędowe"
"2005-06-01",2005,6,15.07,"Dane syntetyczne — scenariusz dydaktyczny, nie obserwacje urzędowe"
"2005-07-01",2005,7,15.15,"Dane syntetyczne — scenariusz dydaktyczny, nie obserwacje urzędowe"
"2005-08-01",2005,8,15.05,"Dane syntetyczne — scenariusz dydaktyczny, nie obserwacje urzędowe"
"2005-09-01",2005,9,15.27,"Dane syntetyczne — scenariusz dydaktyczny, nie obserwacje urzędowe"
"2005-10-01",2005,10,15.65,"Dane syntetyczne — scenariusz dydaktyczny, nie obserwacje urzędowe"
"2005-11-01",2005,11,15.81,"Dane syntetyczne — scenariusz dydaktyczny, nie obserwacje urzędowe"
"2005-12-01",2005,12,15.97,"Dane syntetyczne — scenariusz dydaktyczny, nie obserwacje urzędowe"
"2006-01-01",2006,1,15.49,"Dane syntetyczne — scenariusz dydaktyczny, nie obserwacje urzędowe"
"2006-02-01",2006,2,15.15,"Dane syntetyczne — scenariusz dydaktyczny, nie obserwacje urzędowe"
"2006-03-01",2006,3,14.54,"Dane syntetyczne — scenariusz dydaktyczny, nie obserwacje urzędowe"
"2006-04-01",2006,4,13.91,"Dane syntetyczne — scenariusz dydaktyczny, nie obserwacje urzędowe"
"2006-05-01",2006,5,13.68,"Dane syntetyczne — scenariusz dydaktyczny, nie obserwacje urzędowe"
"2006-06-01",2006,6,13.19,"Dane syntetyczne — scenariusz dydaktyczny, nie obserwacje urzędowe"
"2006-07-01",2006,7,13.11,"Dane syntetyczne — scenariusz dydaktyczny, nie obserwacje urzędowe"
"2006-08-01",2006,8,13.27,"Dane syntetyczne — scenariusz dydaktyczny, nie obserwacje urzędowe"
"2006-09-01",2006,9,13.29,"Dane syntetyczne — scenariusz dydaktyczny, nie obserwacje urzędowe"
"2006-10-01",2006,10,13.45,"Dane syntetyczne — scenariusz dydaktyczny, nie obserwacje urzędowe"
"2006-11-01",2006,11,13.86,"Dane syntetyczne — scenariusz dydaktyczny, nie obserwacje urzędowe"
"2006-12-01",2006,12,14.08,"Dane syntetyczne — scenariusz dydaktyczny, nie obserwacje urzędowe"
"2007-01-01",2007,1,13.99,"Dane syntetyczne — scenariusz dydaktyczny, nie obserwacje urzędowe"
"2007-02-01",2007,2,13.69,"Dane syntetyczne — scenariusz dydaktyczny, nie obserwacje urzędowe"
"2007-03-01",2007,3,13.22,"Dane syntetyczne — scenariusz dydaktyczny, nie obserwacje urzędowe"
"2007-04-01",2007,4,12.38,"Dane syntetyczne — scenariusz dydaktyczny, nie obserwacje urzędowe"
"2007-05-01",2007,5,11.74,"Dane syntetyczne — scenariusz dydaktyczny, nie obserwacje urzędowe"
"2007-06-01",2007,6,11.39,"Dane syntetyczne — scenariusz dydaktyczny, nie obserwacje urzędowe"
"2007-07-01",2007,7,11.63,"Dane syntetyczne — scenariusz dydaktyczny, nie obserwacje urzędowe"
"2007-08-01",2007,8,11.51,"Dane syntetyczne — scenariusz dydaktyczny, nie obserwacje urzędowe"
"2007-09-01",2007,9,11.38,"Dane syntetyczne — scenariusz dydaktyczny, nie obserwacje urzędowe"
"2007-10-01",2007,10,11.57,"Dane syntetyczne — scenariusz dydaktyczny, nie obserwacje urzędowe"
"2007-11-01",2007,11,12.14,"Dane syntetyczne — scenariusz dydaktyczny, nie obserwacje urzędowe"
"2007-12-01",2007,12,12.29,"Dane syntetyczne — scenariusz dydaktyczny, nie obserwacje urzędowe"
"2008-01-01",2008,1,11.9,"Dane syntetyczne — scenariusz dydaktyczny, nie obserwacje urzędowe"
"2008-02-01",2008,2,11.6,"Dane syntetyczne — scenariusz dydaktyczny, nie obserwacje urzędowe"
"2008-03-01",2008,3,11.09,"Dane syntetyczne — scenariusz dydaktyczny, nie obserwacje urzędowe"
"2008-04-01",2008,4,10.45,"Dane syntetyczne — scenariusz dydaktyczny, nie obserwacje urzędowe"
"2008-05-01",2008,5,10.39,"Dane syntetyczne — scenariusz dydaktyczny, nie obserwacje urzędowe"
"2008-06-01",2008,6,10.17,"Dane syntetyczne — scenariusz dydaktyczny, nie obserwacje urzędowe"
"2008-07-01",2008,7,10.12,"Dane syntetyczne — scenariusz dydaktyczny, nie obserwacje urzędowe"
"2008-08-01",2008,8,10.19,"Dane syntetyczne — scenariusz dydaktyczny, nie obserwacje urzędowe"
"2008-09-01",2008,9,10.47,"Dane syntetyczne — scenariusz dydaktyczny, nie obserwacje urzędowe"
"2008-10-01",2008,10,10.43,"Dane syntetyczne — scenariusz dydaktyczny, nie obserwacje urzędowe"
"2008-11-01",2008,11,10.84,"Dane syntetyczne — scenariusz dydaktyczny, nie obserwacje urzędowe"
"2008-12-01",2008,12,10.8,"Dane syntetyczne — scenariusz dydaktyczny, nie obserwacje urzędowe"
"2009-01-01",2009,1,10.93,"Dane syntetyczne — scenariusz dydaktyczny, nie obserwacje urzędowe"
"2009-02-01",2009,2,10.66,"Dane syntetyczne — scenariusz dydaktyczny, nie obserwacje urzędowe"
"2009-03-01",2009,3,10.02,"Dane syntetyczne — scenariusz dydaktyczny, nie obserwacje urzędowe"
"2009-04-01",2009,4,9.32,"Dane syntetyczne — scenariusz dydaktyczny, nie obserwacje urzędowe"
"2009-05-01",2009,5,9.04,"Dane syntetyczne — scenariusz dydaktyczny, nie obserwacje urzędowe"
"2009-06-01",2009,6,8.87,"Dane syntetyczne — scenariusz dydaktyczny, nie obserwacje urzędowe"
"2009-07-01",2009,7,8.92,"Dane syntetyczne — scenariusz dydaktyczny, nie obserwacje urzędowe"
"2009-08-01",2009,8,8.75,"Dane syntetyczne — scenariusz dydaktyczny, nie obserwacje urzędowe"
"2009-09-01",2009,9,8.73,"Dane syntetyczne — scenariusz dydaktyczny, nie obserwacje urzędowe"
"2009-10-01",2009,10,9.22,"Dane syntetyczne — scenariusz dydaktyczny, nie obserwacje urzędowe"
"2009-11-01",2009,11,9.59,"Dane syntetyczne — scenariusz dydaktyczny, nie obserwacje urzędowe"
"2009-12-01",2009,12,9.84,"Dane syntetyczne — scenariusz dydaktyczny, nie obserwacje urzędowe"
"2010-01-01",2010,1,9.85,"Dane syntetyczne — scenariusz dydaktyczny, nie obserwacje urzędowe"
"2010-02-01",2010,2,9.36,"Dane syntetyczne — scenariusz dydaktyczny, nie obserwacje urzędowe"
"2010-03-01",2010,3,8.77,"Dane syntetyczne — scenariusz dydaktyczny, nie obserwacje urzędowe"
"2010-04-01",2010,4,7.86,"Dane syntetyczne — scenariusz dydaktyczny, nie obserwacje urzędowe"
"2010-05-01",2010,5,7.59,"Dane syntetyczne — scenariusz dydaktyczny, nie obserwacje urzędowe"
"2010-06-01",2010,6,7.64,"Dane syntetyczne — scenariusz dydaktyczny, nie obserwacje urzędowe"
"2010-07-01",2010,7,7.68,"Dane syntetyczne — scenariusz dydaktyczny, nie obserwacje urzędowe"
"2010-08-01",2010,8,7.42,"Dane syntetyczne — scenariusz dydaktyczny, nie obserwacje urzędowe"
"2010-09-01",2010,9,7.67,"Dane syntetyczne — scenariusz dydaktyczny, nie obserwacje urzędowe"
"2010-10-01",2010,10,8.02,"Dane syntetyczne — scenariusz dydaktyczny, nie obserwacje urzędowe"
"2010-11-01",2010,11,8.4,"Dane syntetyczne — scenariusz dydaktyczny, nie obserwacje urzędowe"
"2010-12-01",2010,12,8.29,"Dane syntetyczne — scenariusz dydaktyczny, nie obserwacje urzędowe"
"2011-01-01",2011,1,8.27,"Dane syntetyczne — scenariusz dydaktyczny, nie obserwacje urzędowe"
"2011-02-01",2011,2,8.06,"Dane syntetyczne — scenariusz dydaktyczny, nie obserwacje urzędowe"
"2011-03-01",2011,3,7.49,"Dane syntetyczne — scenariusz dydaktyczny, nie obserwacje urzędowe"
"2011-04-01",2011,4,6.79,"Dane syntetyczne — scenariusz dydaktyczny, nie obserwacje urzędowe"
"2011-05-01",2011,5,6.84,"Dane syntetyczne — scenariusz dydaktyczny, nie obserwacje urzędowe"
"2011-06-01",2011,6,6.85,"Dane syntetyczne — scenariusz dydaktyczny, nie obserwacje urzędowe"
"2011-07-01",2011,7,6.8,"Dane syntetyczne — scenariusz dydaktyczny, nie obserwacje urzędowe"
"2011-08-01",2011,8,6.52,"Dane syntetyczne — scenariusz dydaktyczny, nie obserwacje urzędowe"
"2011-09-01",2011,9,6.47,"Dane syntetyczne — scenariusz dydaktyczny, nie obserwacje urzędowe"
"2011-10-01",2011,10,6.87,"Dane syntetyczne — scenariusz dydaktyczny, nie obserwacje urzędowe"
"2011-11-01",2011,11,7.12,"Dane syntetyczne — scenariusz dydaktyczny, nie obserwacje urzędowe"
"2011-12-01",2011,12,7.12,"Dane syntetyczne — scenariusz dydaktyczny, nie obserwacje urzędowe"
"2012-01-01",2012,1,7.03,"Dane syntetyczne — scenariusz dydaktyczny, nie obserwacje urzędowe"
"2012-02-01",2012,2,7.11,"Dane syntetyczne — scenariusz dydaktyczny, nie obserwacje urzędowe"
"2012-03-01",2012,3,6.36,"Dane syntetyczne — scenariusz dydaktyczny, nie obserwacje urzędowe"
"2012-04-01",2012,4,6.03,"Dane syntetyczne — scenariusz dydaktyczny, nie obserwacje urzędowe"
"2012-05-01",2012,5,5.76,"Dane syntetyczne — scenariusz dydaktyczny, nie obserwacje urzędowe"
"2012-06-01",2012,6,5.32,"Dane syntetyczne — scenariusz dydaktyczny, nie obserwacje urzędowe"
"2012-07-01",2012,7,5.74,"Dane syntetyczne — scenariusz dydaktyczny, nie obserwacje urzędowe"
"2012-08-01",2012,8,5.71,"Dane syntetyczne — scenariusz dydaktyczny, nie obserwacje urzędowe"
"2012-09-01",2012,9,5.82,"Dane syntetyczne — scenariusz dydaktyczny, nie obserwacje urzędowe"
"2012-10-01",2012,10,6.22,"Dane syntetyczne — scenariusz dydaktyczny, nie obserwacje urzędowe"
"2012-11-01",2012,11,6.84,"Dane syntetyczne — scenariusz dydaktyczny, nie obserwacje urzędowe"
"2012-12-01",2012,12,7.03,"Dane syntetyczne — scenariusz dydaktyczny, nie obserwacje urzędowe"
"2013-01-01",2013,1,6.73,"Dane syntetyczne — scenariusz dydaktyczny, nie obserwacje urzędowe"
"2013-02-01",2013,2,6.27,"Dane syntetyczne — scenariusz dydaktyczny, nie obserwacje urzędowe"
"2013-03-01",2013,3,5.77,"Dane syntetyczne — scenariusz dydaktyczny, nie obserwacje urzędowe"
"2013-04-01",2013,4,5.41,"Dane syntetyczne — scenariusz dydaktyczny, nie obserwacje urzędowe"
"2013-05-01",2013,5,5.23,"Dane syntetyczne — scenariusz dydaktyczny, nie obserwacje urzędowe"
"2013-06-01",2013,6,5.08,"Dane syntetyczne — scenariusz dydaktyczny, nie obserwacje urzędowe"
"2013-07-01",2013,7,5.2,"Dane syntetyczne — scenariusz dydaktyczny, nie obserwacje urzędowe"
"2013-08-01",2013,8,5.51,"Dane syntetyczne — scenariusz dydaktyczny, nie obserwacje urzędowe"
"2013-09-01",2013,9,5.52,"Dane syntetyczne — scenariusz dydaktyczny, nie obserwacje urzędowe"
"2013-10-01",2013,10,5.91,"Dane syntetyczne — scenariusz dydaktyczny, nie obserwacje urzędowe"
"2013-11-01",2013,11,6.2,"Dane syntetyczne — scenariusz dydaktyczny, nie obserwacje urzędowe"
"2013-12-01",2013,12,6.47,"Dane syntetyczne — scenariusz dydaktyczny, nie obserwacje urzędowe"
"2014-01-01",2014,1,6.53,"Dane syntetyczne — scenariusz dydaktyczny, nie obserwacje urzędowe"
"2014-02-01",2014,2,6.24,"Dane syntetyczne — scenariusz dydaktyczny, nie obserwacje urzędowe"
"2014-03-01",2014,3,5.63,"Dane syntetyczne — scenariusz dydaktyczny, nie obserwacje urzędowe"
"2014-04-01",2014,4,4.9,"Dane syntetyczne — scenariusz dydaktyczny, nie obserwacje urzędowe"
"2014-05-01",2014,5,4.42,"Dane syntetyczne — scenariusz dydaktyczny, nie obserwacje urzędowe"
"2014-06-01",2014,6,4.06,"Dane syntetyczne — scenariusz dydaktyczny, nie obserwacje urzędowe"
"2014-07-01",2014,7,4.5,"Dane syntetyczne — scenariusz dydaktyczny, nie obserwacje urzędowe"
"2014-08-01",2014,8,4.48,"Dane syntetyczne — scenariusz dydaktyczny, nie obserwacje urzędowe"
"2014-09-01",2014,9,4.74,"Dane syntetyczne — scenariusz dydaktyczny, nie obserwacje urzędowe"
"2014-10-01",2014,10,5.11,"Dane syntetyczne — scenariusz dydaktyczny, nie obserwacje urzędowe"
"2014-11-01",2014,11,5.82,"Dane syntetyczne — scenariusz dydaktyczny, nie obserwacje urzędowe"
"2014-12-01",2014,12,5.65,"Dane syntetyczne — scenariusz dydaktyczny, nie obserwacje urzędowe"
"2015-01-01",2015,1,5.6,"Dane syntetyczne — scenariusz dydaktyczny, nie obserwacje urzędowe"
"2015-02-01",2015,2,5.62,"Dane syntetyczne — scenariusz dydaktyczny, nie obserwacje urzędowe"
"2015-03-01",2015,3,5.15,"Dane syntetyczne — scenariusz dydaktyczny, nie obserwacje urzędowe"
"2015-04-01",2015,4,4.79,"Dane syntetyczne — scenariusz dydaktyczny, nie obserwacje urzędowe"
"2015-05-01",2015,5,4.58,"Dane syntetyczne — scenariusz dydaktyczny, nie obserwacje urzędowe"
"2015-06-01",2015,6,4.33,"Dane syntetyczne — scenariusz dydaktyczny, nie obserwacje urzędowe"
"2015-07-01",2015,7,4.45,"Dane syntetyczne — scenariusz dydaktyczny, nie obserwacje urzędowe"
"2015-08-01",2015,8,4.5,"Dane syntetyczne — scenariusz dydaktyczny, nie obserwacje urzędowe"
"2015-09-01",2015,9,4.49,"Dane syntetyczne — scenariusz dydaktyczny, nie obserwacje urzędowe"
"2015-10-01",2015,10,5.1,"Dane syntetyczne — scenariusz dydaktyczny, nie obserwacje urzędowe"
"2015-11-01",2015,11,5.52,"Dane syntetyczne — scenariusz dydaktyczny, nie obserwacje urzędowe"
"2015-12-01",2015,12,5.75,"Dane syntetyczne — scenariusz dydaktyczny, nie obserwacje urzędowe"
"2016-01-01",2016,1,5.67,"Dane syntetyczne — scenariusz dydaktyczny, nie obserwacje urzędowe"
"2016-02-01",2016,2,5.39,"Dane syntetyczne — scenariusz dydaktyczny, nie obserwacje urzędowe"
"2016-03-01",2016,3,5.06,"Dane syntetyczne — scenariusz dydaktyczny, nie obserwacje urzędowe"
"2016-04-01",2016,4,4.35,"Dane syntetyczne — scenariusz dydaktyczny, nie obserwacje urzędowe"
"2016-05-01",2016,5,4.05,"Dane syntetyczne — scenariusz dydaktyczny, nie obserwacje urzędowe"
"2016-06-01",2016,6,4.06,"Dane syntetyczne — scenariusz dydaktyczny, nie obserwacje urzędowe"
"2016-07-01",2016,7,4.23,"Dane syntetyczne — scenariusz dydaktyczny, nie obserwacje urzędowe"
"2016-08-01",2016,8,3.89,"Dane syntetyczne — scenariusz dydaktyczny, nie obserwacje urzędowe"
"2016-09-01",2016,9,4.27,"Dane syntetyczne — scenariusz dydaktyczny, nie obserwacje urzędowe"
"2016-10-01",2016,10,4.54,"Dane syntetyczne — scenariusz dydaktyczny, nie obserwacje urzędowe"
"2016-11-01",2016,11,5.03,"Dane syntetyczne — scenariusz dydaktyczny, nie obserwacje urzędowe"
"2016-12-01",2016,12,5.07,"Dane syntetyczne — scenariusz dydaktyczny, nie obserwacje urzędowe"
"2017-01-01",2017,1,5.03,"Dane syntetyczne — scenariusz dydaktyczny, nie obserwacje urzędowe"
"2017-02-01",2017,2,4.78,"Dane syntetyczne — scenariusz dydaktyczny, nie obserwacje urzędowe"
"2017-03-01",2017,3,4.13,"Dane syntetyczne — scenariusz dydaktyczny, nie obserwacje urzędowe"
"2017-04-01",2017,4,3.75,"Dane syntetyczne — scenariusz dydaktyczny, nie obserwacje urzędowe"
"2017-05-01",2017,5,3.3,"Dane syntetyczne — scenariusz dydaktyczny, nie obserwacje urzędowe"
"2017-06-01",2017,6,3.39,"Dane syntetyczne — scenariusz dydaktyczny, nie obserwacje urzędowe"
"2017-07-01",2017,7,3.67,"Dane syntetyczne — scenariusz dydaktyczny, nie obserwacje urzędowe"
"2017-08-01",2017,8,3.55,"Dane syntetyczne — scenariusz dydaktyczny, nie obserwacje urzędowe"
"2017-09-01",2017,9,3.66,"Dane syntetyczne — scenariusz dydaktyczny, nie obserwacje urzędowe"
"2017-10-01",2017,10,4.03,"Dane syntetyczne — scenariusz dydaktyczny, nie obserwacje urzędowe"
"2017-11-01",2017,11,4.75,"Dane syntetyczne — scenariusz dydaktyczny, nie obserwacje urzędowe"
"2017-12-01",2017,12,5.3,"Dane syntetyczne — scenariusz dydaktyczny, nie obserwacje urzędowe"
"2018-01-01",2018,1,5.08,"Dane syntetyczne — scenariusz dydaktyczny, nie obserwacje urzędowe"
"2018-02-01",2018,2,4.78,"Dane syntetyczne — scenariusz dydaktyczny, nie obserwacje urzędowe"
"2018-03-01",2018,3,4.13,"Dane syntetyczne — scenariusz dydaktyczny, nie obserwacje urzędowe"
"2018-04-01",2018,4,3.63,"Dane syntetyczne — scenariusz dydaktyczny, nie obserwacje urzędowe"
"2018-05-01",2018,5,3.39,"Dane syntetyczne — scenariusz dydaktyczny, nie obserwacje urzędowe"
"2018-06-01",2018,6,3.17,"Dane syntetyczne — scenariusz dydaktyczny, nie obserwacje urzędowe"
"2018-07-01",2018,7,3.52,"Dane syntetyczne — scenariusz dydaktyczny, nie obserwacje urzędowe"
"2018-08-01",2018,8,3.41,"Dane syntetyczne — scenariusz dydaktyczny, nie obserwacje urzędowe"
"2018-09-01",2018,9,3.41,"Dane syntetyczne — scenariusz dydaktyczny, nie obserwacje urzędowe"
"2018-10-01",2018,10,3.77,"Dane syntetyczne — scenariusz dydaktyczny, nie obserwacje urzędowe"
"2018-11-01",2018,11,4.54,"Dane syntetyczne — scenariusz dydaktyczny, nie obserwacje urzędowe"
"2018-12-01",2018,12,4.61,"Dane syntetyczne — scenariusz dydaktyczny, nie obserwacje urzędowe"
"2019-01-01",2019,1,4.58,"Dane syntetyczne — scenariusz dydaktyczny, nie obserwacje urzędowe"
"2019-02-01",2019,2,4.39,"Dane syntetyczne — scenariusz dydaktyczny, nie obserwacje urzędowe"
"2019-03-01",2019,3,3.83,"Dane syntetyczne — scenariusz dydaktyczny, nie obserwacje urzędowe"
"2019-04-01",2019,4,3.3,"Dane syntetyczne — scenariusz dydaktyczny, nie obserwacje urzędowe"
"2019-05-01",2019,5,3.05,"Dane syntetyczne — scenariusz dydaktyczny, nie obserwacje urzędowe"
"2019-06-01",2019,6,3.16,"Dane syntetyczne — scenariusz dydaktyczny, nie obserwacje urzędowe"
"2019-07-01",2019,7,3.36,"Dane syntetyczne — scenariusz dydaktyczny, nie obserwacje urzędowe"
"2019-08-01",2019,8,3.39,"Dane syntetyczne — scenariusz dydaktyczny, nie obserwacje urzędowe"
"2019-09-01",2019,9,3.32,"Dane syntetyczne — scenariusz dydaktyczny, nie obserwacje urzędowe"
"2019-10-01",2019,10,3.9,"Dane syntetyczne — scenariusz dydaktyczny, nie obserwacje urzędowe"
"2019-11-01",2019,11,4.22,"Dane syntetyczne — scenariusz dydaktyczny, nie obserwacje urzędowe"
"2019-12-01",2019,12,4.41,"Dane syntetyczne — scenariusz dydaktyczny, nie obserwacje urzędowe"
"2020-01-01",2020,1,4.77,"Dane syntetyczne — scenariusz dydaktyczny, nie obserwacje urzędowe"
"2020-02-01",2020,2,5.03,"Dane syntetyczne — scenariusz dydaktyczny, nie obserwacje urzędowe"
"2020-03-01",2020,3,5.08,"Dane syntetyczne — scenariusz dydaktyczny, nie obserwacje urzędowe"
"2020-04-01",2020,4,4.83,"Dane syntetyczne — scenariusz dydaktyczny, nie obserwacje urzędowe"
"2020-05-01",2020,5,5.24,"Dane syntetyczne — scenariusz dydaktyczny, nie obserwacje urzędowe"
"2020-06-01",2020,6,5.49,"Dane syntetyczne — scenariusz dydaktyczny, nie obserwacje urzędowe"
"2020-07-01",2020,7,5.97,"Dane syntetyczne — scenariusz dydaktyczny, nie obserwacje urzędowe"
"2020-08-01",2020,8,5.95,"Dane syntetyczne — scenariusz dydaktyczny, nie obserwacje urzędowe"
"2020-09-01",2020,9,5.98,"Dane syntetyczne — scenariusz dydaktyczny, nie obserwacje urzędowe"
"2020-10-01",2020,10,6.19,"Dane syntetyczne — scenariusz dydaktyczny, nie obserwacje urzędowe"
"2020-11-01",2020,11,6.41,"Dane syntetyczne — scenariusz dydaktyczny, nie obserwacje urzędowe"
"2020-12-01",2020,12,6.62,"Dane syntetyczne — scenariusz dydaktyczny, nie obserwacje urzędowe"
"2021-01-01",2021,1,6.82,"Dane syntetyczne — scenariusz dydaktyczny, nie obserwacje urzędowe"
"2021-02-01",2021,2,6.19,"Dane syntetyczne — scenariusz dydaktyczny, nie obserwacje urzędowe"
"2021-03-01",2021,3,5.41,"Dane syntetyczne — scenariusz dydaktyczny, nie obserwacje urzędowe"
"2021-04-01",2021,4,5.08,"Dane syntetyczne — scenariusz dydaktyczny, nie obserwacje urzędowe"
"2021-05-01",2021,5,4.8,"Dane syntetyczne — scenariusz dydaktyczny, nie obserwacje urzędowe"
"2021-06-01",2021,6,4.34,"Dane syntetyczne — scenariusz dydaktyczny, nie obserwacje urzędowe"
"2021-07-01",2021,7,4.51,"Dane syntetyczne — scenariusz dydaktyczny, nie obserwacje urzędowe"
"2021-08-01",2021,8,4.36,"Dane syntetyczne — scenariusz dydaktyczny, nie obserwacje urzędowe"
"2021-09-01",2021,9,4.59,"Dane syntetyczne — scenariusz dydaktyczny, nie obserwacje urzędowe"
"2021-10-01",2021,10,4.8,"Dane syntetyczne — scenariusz dydaktyczny, nie obserwacje urzędowe"
"2021-11-01",2021,11,5.41,"Dane syntetyczne — scenariusz dydaktyczny, nie obserwacje urzędowe"
"2021-12-01",2021,12,5.39,"Dane syntetyczne — scenariusz dydaktyczny, nie obserwacje urzędowe"
"2022-01-01",2022,1,5.24,"Dane syntetyczne — scenariusz dydaktyczny, nie obserwacje urzędowe"
"2022-02-01",2022,2,5.02,"Dane syntetyczne — scenariusz dydaktyczny, nie obserwacje urzędowe"
"2022-03-01",2022,3,4.5,"Dane syntetyczne — scenariusz dydaktyczny, nie obserwacje urzędowe"
"2022-04-01",2022,4,3.91,"Dane syntetyczne — scenariusz dydaktyczny, nie obserwacje urzędowe"
"2022-05-01",2022,5,3.6,"Dane syntetyczne — scenariusz dydaktyczny, nie obserwacje urzędowe"
"2022-06-01",2022,6,3.55,"Dane syntetyczne — scenariusz dydaktyczny, nie obserwacje urzędowe"
"2022-07-01",2022,7,3.81,"Dane syntetyczne — scenariusz dydaktyczny, nie obserwacje urzędowe"
"2022-08-01",2022,8,3.73,"Dane syntetyczne — scenariusz dydaktyczny, nie obserwacje urzędowe"
"2022-09-01",2022,9,3.88,"Dane syntetyczne — scenariusz dydaktyczny, nie obserwacje urzędowe"
"2022-10-01",2022,10,4.03,"Dane syntetyczne — scenariusz dydaktyczny, nie obserwacje urzędowe"
"2022-11-01",2022,11,4.53,"Dane syntetyczne — scenariusz dydaktyczny, nie obserwacje urzędowe"
"2022-12-01",2022,12,4.35,"Dane syntetyczne — scenariusz dydaktyczny, nie obserwacje urzędowe"
"2023-01-01",2023,1,4.44,"Dane syntetyczne — scenariusz dydaktyczny, nie obserwacje urzędowe"
"2023-02-01",2023,2,4.38,"Dane syntetyczne — scenariusz dydaktyczny, nie obserwacje urzędowe"
"2023-03-01",2023,3,4.07,"Dane syntetyczne — scenariusz dydaktyczny, nie obserwacje urzędowe"
"2023-04-01",2023,4,3.71,"Dane syntetyczne — scenariusz dydaktyczny, nie obserwacje urzędowe"
"2023-05-01",2023,5,3.44,"Dane syntetyczne — scenariusz dydaktyczny, nie obserwacje urzędowe"
"2023-06-01",2023,6,3.13,"Dane syntetyczne — scenariusz dydaktyczny, nie obserwacje urzędowe"
"2023-07-01",2023,7,3.44,"Dane syntetyczne — scenariusz dydaktyczny, nie obserwacje urzędowe"
"2023-08-01",2023,8,3.45,"Dane syntetyczne — scenariusz dydaktyczny, nie obserwacje urzędowe"
"2023-09-01",2023,9,3.59,"Dane syntetyczne — scenariusz dydaktyczny, nie obserwacje urzędowe"
"2023-10-01",2023,10,3.85,"Dane syntetyczne — scenariusz dydaktyczny, nie obserwacje urzędowe"
"2023-11-01",2023,11,4.4,"Dane syntetyczne — scenariusz dydaktyczny, nie obserwacje urzędowe"
"2023-12-01",2023,12,4.6,"Dane syntetyczne — scenariusz dydaktyczny, nie obserwacje urzędowe"
