"date","year","month","sprzedaz"
"2005-01-01",2005,1,18.3
"2005-02-01",2005,2,16.9
"2005-03-01",2005,3,21.5
"2005-04-01",2005,4,21.5
"2005-05-01",2005,5,27.8
"2005-06-01",2005,6,23.2
"2005-07-01",2005,7,27.1
"2005-08-01",2005,8,26.1
"2005-09-01",2005,9,26.7
"2005-10-01",2005,10,29.9
"2005-11-01",2005,11,30.4
"2005-12-01",2005,12,37.5
"2006-01-01",2006,1,21.1
"2006-02-01",2006,2,19.1
"2006-03-01",2006,3,22
"2006-04-01",2006,4,28.9
"2006-05-01",2006,5,28.2
"2006-06-01",2006,6,29.2
"2006-07-01",2006,7,28.8
"2006-08-01",2006,8,30.5
"2006-09-01",2006,9,28.7
"2006-10-01",2006,10,28.6
"2006-11-01",2006,11,31.1
"2006-12-01",2006,12,43.5
"2007-01-01",2007,1,22.4
"2007-02-01",2007,2,25.4
"2007-03-01",2007,3,25.7
"2007-04-01",2007,4,28
"2007-05-01",2007,5,30.6
"2007-06-01",2007,6,32.2
"2007-07-01",2007,7,32
"2007-08-01",2007,8,33.5
"2007-09-01",2007,9,32.2
"2007-10-01",2007,10,33.1
"2007-11-01",2007,11,37.7
"2007-12-01",2007,12,48.1
"2008-01-01",2008,1,25.4
"2008-02-01",2008,2,24.1
"2008-03-01",2008,3,30.1
"2008-04-01",2008,4,31.3
"2008-05-01",2008,5,33.7
"2008-06-01",2008,6,35.8
"2008-07-01",2008,7,37.3
"2008-08-01",2008,8,37.8
"2008-09-01",2008,9,37.3
"2008-10-01",2008,10,40
"2008-11-01",2008,11,40.3
"2008-12-01",2008,12,54.9
"2009-01-01",2009,1,29.7
"2009-02-01",2009,2,26.7
"2009-03-01",2009,3,34.3
"2009-04-01",2009,4,35.5
"2009-05-01",2009,5,40.5
"2009-06-01",2009,6,39.4
"2009-07-01",2009,7,42.5
"2009-08-01",2009,8,40.3
"2009-09-01",2009,9,35.8
"2009-10-01",2009,10,43.4
"2009-11-01",2009,11,46.7
"2009-12-01",2009,12,57.8
"2010-01-01",2010,1,29.8
"2010-02-01",2010,2,30.4
"2010-03-01",2010,3,35.7
"2010-04-01",2010,4,43.1
"2010-05-01",2010,5,42.1
"2010-06-01",2010,6,43
"2010-07-01",2010,7,47
"2010-08-01",2010,8,44.4
"2010-09-01",2010,9,43.1
"2010-10-01",2010,10,46.2
"2010-11-01",2010,11,47.1
"2010-12-01",2010,12,64.6
"2011-01-01",2011,1,35.4
"2011-02-01",2011,2,34
"2011-03-01",2011,3,41.4
"2011-04-01",2011,4,43.4
"2011-05-01",2011,5,45.8
"2011-06-01",2011,6,45.9
"2011-07-01",2011,7,49.4
"2011-08-01",2011,8,50.1
"2011-09-01",2011,9,46.4
"2011-10-01",2011,10,47.7
"2011-11-01",2011,11,51.9
"2011-12-01",2011,12,69.5
"2012-01-01",2012,1,38.5
"2012-02-01",2012,2,36.7
"2012-03-01",2012,3,41.2
"2012-04-01",2012,4,49.3
"2012-05-01",2012,5,47
"2012-06-01",2012,6,50.9
"2012-07-01",2012,7,54.2
"2012-08-01",2012,8,50.2
"2012-09-01",2012,9,50.6
"2012-10-01",2012,10,54.3
"2012-11-01",2012,11,55.7
"2012-12-01",2012,12,73.1
"2013-01-01",2013,1,39.4
"2013-02-01",2013,2,40.6
"2013-03-01",2013,3,45.8
"2013-04-01",2013,4,49
"2013-05-01",2013,5,52.8
"2013-06-01",2013,6,55.9
"2013-07-01",2013,7,55.5
"2013-08-01",2013,8,58
"2013-09-01",2013,9,52.2
"2013-10-01",2013,10,57.2
"2013-11-01",2013,11,63.3
"2013-12-01",2013,12,80.7
"2014-01-01",2014,1,43.9
"2014-02-01",2014,2,42
"2014-03-01",2014,3,53
"2014-04-01",2014,4,52.1
"2014-05-01",2014,5,55.5
"2014-06-01",2014,6,57.5
"2014-07-01",2014,7,58.9
"2014-08-01",2014,8,60.5
"2014-09-01",2014,9,60.8
"2014-10-01",2014,10,61.9
"2014-11-01",2014,11,63.4
"2014-12-01",2014,12,85.9
"2015-01-01",2015,1,45.2
"2015-02-01",2015,2,44.8
"2015-03-01",2015,3,54.4
"2015-04-01",2015,4,55.2
"2015-05-01",2015,5,56.9
"2015-06-01",2015,6,61.6
"2015-07-01",2015,7,63.1
"2015-08-01",2015,8,63.6
"2015-09-01",2015,9,62.5
"2015-10-01",2015,10,65.6
"2015-11-01",2015,11,67.5
"2015-12-01",2015,12,92.7
"2016-01-01",2016,1,50
"2016-02-01",2016,2,46.4
"2016-03-01",2016,3,58.8
"2016-04-01",2016,4,60
"2016-05-01",2016,5,62.3
"2016-06-01",2016,6,64.8
"2016-07-01",2016,7,68.3
"2016-08-01",2016,8,65.8
"2016-09-01",2016,9,64.3
"2016-10-01",2016,10,66.9
"2016-11-01",2016,11,73.7
"2016-12-01",2016,12,96.9
"2017-01-01",2017,1,55.4
"2017-02-01",2017,2,50
"2017-03-01",2017,3,59
"2017-04-01",2017,4,60.5
"2017-05-01",2017,5,64.2
"2017-06-01",2017,6,69.5
"2017-07-01",2017,7,71.5
"2017-08-01",2017,8,72.2
"2017-09-01",2017,9,66.7
"2017-10-01",2017,10,75.7
"2017-11-01",2017,11,75.5
"2017-12-01",2017,12,102.5
"2018-01-01",2018,1,53
"2018-02-01",2018,2,52.2
"2018-03-01",2018,3,62.5
"2018-04-01",2018,4,68.2
"2018-05-01",2018,5,70
"2018-06-01",2018,6,75.4
"2018-07-01",2018,7,76.7
"2018-08-01",2018,8,75.7
"2018-09-01",2018,9,73.6
"2018-10-01",2018,10,75.4
"2018-11-01",2018,11,78.7
"2018-12-01",2018,12,106.4
"2019-01-01",2019,1,56.9
"2019-02-01",2019,2,58
"2019-03-01",2019,3,64.8
"2019-04-01",2019,4,70.7
"2019-05-01",2019,5,74.5
"2019-06-01",2019,6,77.8
"2019-07-01",2019,7,77.1
"2019-08-01",2019,8,81.9
"2019-09-01",2019,9,77.8
"2019-10-01",2019,10,75.3
"2019-11-01",2019,11,84.2
"2019-12-01",2019,12,114.3
"2020-01-01",2020,1,62.4
"2020-02-01",2020,2,58.7
"2020-03-01",2020,3,68.8
"2020-04-01",2020,4,73.2
"2020-05-01",2020,5,75.7
"2020-06-01",2020,6,79
"2020-07-01",2020,7,81.1
"2020-08-01",2020,8,84.8
"2020-09-01",2020,9,79.5
"2020-10-01",2020,10,83.8
"2020-11-01",2020,11,87.1
"2020-12-01",2020,12,115.3
"2021-01-01",2021,1,63
"2021-02-01",2021,2,59.2
"2021-03-01",2021,3,70.8
"2021-04-01",2021,4,76.9
"2021-05-01",2021,5,84.6
"2021-06-01",2021,6,83
"2021-07-01",2021,7,86.7
"2021-08-01",2021,8,83.4
"2021-09-01",2021,9,83.6
"2021-10-01",2021,10,87.5
"2021-11-01",2021,11,92.5
"2021-12-01",2021,12,120
"2022-01-01",2022,1,65.1
"2022-02-01",2022,2,61.8
"2022-03-01",2022,3,71.9
"2022-04-01",2022,4,76.3
"2022-05-01",2022,5,82.6
"2022-06-01",2022,6,84.9
"2022-07-01",2022,7,90.4
"2022-08-01",2022,8,90.8
"2022-09-01",2022,9,85
"2022-10-01",2022,10,89.4
"2022-11-01",2022,11,95.5
"2022-12-01",2022,12,129.6
"2023-01-01",2023,1,68.2
"2023-02-01",2023,2,66.2
"2023-03-01",2023,3,79.3
"2023-04-01",2023,4,83.8
"2023-05-01",2023,5,88.3
"2023-06-01",2023,6,92.3
"2023-07-01",2023,7,90.8
"2023-08-01",2023,8,95
"2023-09-01",2023,9,89.5
"2023-10-01",2023,10,95.6
"2023-11-01",2023,11,99.9
"2023-12-01",2023,12,133.6
