"date","year","wig20","log_return"
"2000-01-07",2000,1700,NA
"2000-01-14",2000,1717,0.00971
"2000-01-21",2000,1696,-0.01201
"2000-01-28",2000,1704,0.00484
"2000-02-04",2000,1757,0.03049
"2000-02-11",2000,1776,0.01072
"2000-02-18",2000,1746,-0.01714
"2000-02-25",2000,1792,0.0261
"2000-03-03",2000,1737,-0.03131
"2000-03-10",2000,1713,-0.01386
"2000-03-17",2000,1616,-0.05847
"2000-03-24",2000,1602,-0.00862
"2000-03-31",2000,1524,-0.04985
"2000-04-07",2000,1563,0.0253
"2000-04-14",2000,1608,0.0287
"2000-04-21",2000,1559,-0.0314
"2000-04-28",2000,1523,-0.0231
"2000-05-05",2000,1476,-0.03162
"2000-05-12",2000,1451,-0.01657
"2000-05-19",2000,1503,0.03462
"2000-05-26",2000,1547,0.029
"2000-06-02",2000,1537,-0.00646
"2000-06-09",2000,1532,-0.00324
"2000-06-16",2000,1516,-0.01015
"2000-06-23",2000,1521,0.00281
"2000-06-30",2000,1503,-0.01168
"2000-07-07",2000,1504,0.00051
"2000-07-14",2000,1501,-0.00184
"2000-07-21",2000,1565,0.0419
"2000-07-28",2000,1514,-0.03352
"2000-08-04",2000,1539,0.01637
"2000-08-11",2000,1550,0.00709
"2000-08-18",2000,1526,-0.01561
"2000-08-25",2000,1510,-0.01033
"2000-09-01",2000,1548,0.02516
"2000-09-08",2000,1549,0.00072
"2000-09-15",2000,1582,0.02067
"2000-09-22",2000,1587,0.00334
"2000-09-29",2000,1531,-0.03591
"2000-10-06",2000,1526,-0.00353
"2000-10-13",2000,1609,0.05295
"2000-10-20",2000,1568,-0.02545
"2000-10-27",2000,1630,0.03857
"2000-11-03",2000,1666,0.02211
"2000-11-10",2000,1695,0.01716
"2000-11-17",2000,1707,0.00675
"2000-11-24",2000,1750,0.02505
"2000-12-01",2000,1771,0.01168
"2000-12-08",2000,1806,0.01972
"2000-12-15",2000,1759,-0.02597
"2000-12-22",2000,1724,-0.02033
"2000-12-29",2000,1819,0.05363
"2001-01-05",2001,1891,0.03872
"2001-01-12",2001,1797,-0.05107
"2001-01-19",2001,1928,0.0706
"2001-01-26",2001,1900,-0.01472
"2001-02-02",2001,2063,0.0824
"2001-02-09",2001,2067,0.00202
"2001-02-16",2001,2016,-0.02503
"2001-02-23",2001,2117,0.04868
"2001-03-02",2001,2096,-0.00996
"2001-03-09",2001,1928,-0.08336
"2001-03-16",2001,2090,0.08032
"2001-03-23",2001,2154,0.03046
"2001-03-30",2001,2461,0.13307
"2001-04-06",2001,2401,-0.02453
"2001-04-13",2001,2346,-0.02302
"2001-04-20",2001,2444,0.04072
"2001-04-27",2001,2328,-0.04841
"2001-05-04",2001,2138,-0.08546
"2001-05-11",2001,2018,-0.05788
"2001-05-18",2001,2145,0.06114
"2001-05-25",2001,2041,-0.04947
"2001-06-01",2001,2121,0.03848
"2001-06-08",2001,2081,-0.01929
"2001-06-15",2001,2059,-0.01047
"2001-06-22",2001,2135,0.03615
"2001-06-29",2001,2237,0.04672
"2001-07-06",2001,2196,-0.01863
"2001-07-13",2001,2131,-0.03012
"2001-07-20",2001,2237,0.04861
"2001-07-27",2001,2338,0.04426
"2001-08-03",2001,2331,-0.00281
"2001-08-10",2001,2321,-0.00426
"2001-08-17",2001,2376,0.02334
"2001-08-24",2001,2395,0.00789
"2001-08-31",2001,2376,-0.00806
"2001-09-07",2001,2315,-0.02603
"2001-09-14",2001,2219,-0.04219
"2001-09-21",2001,2213,-0.0028
"2001-09-28",2001,2277,0.02865
"2001-10-05",2001,2249,-0.01246
"2001-10-12",2001,2329,0.03485
"2001-10-19",2001,2316,-0.00556
"2001-10-26",2001,2346,0.01281
"2001-11-02",2001,2358,0.00534
"2001-11-09",2001,2375,0.00705
"2001-11-16",2001,2354,-0.00899
"2001-11-23",2001,2365,0.00466
"2001-11-30",2001,2240,-0.05439
"2001-12-07",2001,2218,-0.00977
"2001-12-14",2001,2266,0.02168
"2001-12-21",2001,2263,-0.00138
"2001-12-28",2001,2232,-0.01379
"2002-01-04",2002,2318,0.03767
"2002-01-11",2002,2253,-0.02859
"2002-01-18",2002,2239,-0.006
"2002-01-25",2002,2238,-0.00042
"2002-02-01",2002,2153,-0.03861
"2002-02-08",2002,2221,0.0309
"2002-02-15",2002,2283,0.02752
"2002-02-22",2002,2225,-0.02571
"2002-03-01",2002,2210,-0.00669
"2002-03-08",2002,2226,0.0072
"2002-03-15",2002,2340,0.04989
"2002-03-22",2002,2281,-0.02579
"2002-03-29",2002,2269,-0.00512
"2002-04-05",2002,2243,-0.01168
"2002-04-12",2002,2276,0.01494
"2002-04-19",2002,2331,0.02381
"2002-04-26",2002,2343,0.00515
"2002-05-03",2002,2296,-0.02036
"2002-05-10",2002,2346,0.02161
"2002-05-17",2002,2401,0.02309
"2002-05-24",2002,2397,-0.00165
"2002-05-31",2002,2401,0.00179
"2002-06-07",2002,2399,-0.00108
"2002-06-14",2002,2449,0.02082
"2002-06-21",2002,2458,0.00374
"2002-06-28",2002,2493,0.01395
"2002-07-05",2002,2557,0.02539
"2002-07-12",2002,2644,0.03359
"2002-07-19",2002,2636,-0.00306
"2002-07-26",2002,2653,0.00631
"2002-08-02",2002,2645,-0.00286
"2002-08-09",2002,2826,0.06618
"2002-08-16",2002,2775,-0.01822
"2002-08-23",2002,2870,0.03375
"2002-08-30",2002,2901,0.01047
"2002-09-06",2002,2964,0.0217
"2002-09-13",2002,2983,0.00641
"2002-09-20",2002,3043,0.01984
"2002-09-27",2002,3020,-0.00775
"2002-10-04",2002,3033,0.00452
"2002-10-11",2002,3000,-0.0112
"2002-10-18",2002,3041,0.01382
"2002-10-25",2002,3120,0.02568
"2002-11-01",2002,2975,-0.04768
"2002-11-08",2002,3117,0.04651
"2002-11-15",2002,3235,0.03724
"2002-11-22",2002,3259,0.00746
"2002-11-29",2002,3338,0.02377
"2002-12-06",2002,3242,-0.02916
"2002-12-13",2002,3290,0.01468
"2002-12-20",2002,3181,-0.0335
"2002-12-27",2002,3155,-0.00845
"2003-01-03",2003,3006,-0.04823
"2003-01-10",2003,2991,-0.00512
"2003-01-17",2003,2924,-0.02249
"2003-01-24",2003,2954,0.0102
"2003-01-31",2003,2904,-0.01709
"2003-02-07",2003,2837,-0.02318
"2003-02-14",2003,2859,0.00763
"2003-02-21",2003,2831,-0.00986
"2003-02-28",2003,2877,0.01606
"2003-03-07",2003,2941,0.02199
"2003-03-14",2003,2970,0.00993
"2003-03-21",2003,2939,-0.01054
"2003-03-28",2003,2976,0.01243
"2003-04-04",2003,2881,-0.03228
"2003-04-11",2003,2878,-0.00118
"2003-04-18",2003,2716,-0.05796
"2003-04-25",2003,2821,0.03807
"2003-05-02",2003,2885,0.02238
"2003-05-09",2003,2942,0.01943
"2003-05-16",2003,2919,-0.00764
"2003-05-23",2003,3028,0.03653
"2003-05-30",2003,2973,-0.01823
"2003-06-06",2003,2813,-0.05538
"2003-06-13",2003,2774,-0.014
"2003-06-20",2003,2815,0.01469
"2003-06-27",2003,2825,0.00362
"2003-07-04",2003,2900,0.02597
"2003-07-11",2003,3017,0.03972
"2003-07-18",2003,3087,0.02306
"2003-07-25",2003,3041,-0.01519
"2003-08-01",2003,3007,-0.01123
"2003-08-08",2003,3002,-0.00157
"2003-08-15",2003,2965,-0.01238
"2003-08-22",2003,2986,0.00686
"2003-08-29",2003,3060,0.02452
"2003-09-05",2003,3013,-0.01533
"2003-09-12",2003,3032,0.00625
"2003-09-19",2003,2917,-0.03865
"2003-09-26",2003,2931,0.0048
"2003-10-03",2003,2862,-0.024
"2003-10-10",2003,2893,0.01086
"2003-10-17",2003,2954,0.02071
"2003-10-24",2003,2905,-0.01651
"2003-10-31",2003,2885,-0.00705
"2003-11-07",2003,2859,-0.00903
"2003-11-14",2003,2884,0.00882
"2003-11-21",2003,2911,0.00913
"2003-11-28",2003,2804,-0.03735
"2003-12-05",2003,2749,-0.01986
"2003-12-12",2003,2817,0.02458
"2003-12-19",2003,2830,0.0044
"2003-12-26",2003,2847,0.00626
"2004-01-02",2004,2807,-0.01427
"2004-01-09",2004,2736,-0.02566
"2004-01-16",2004,2625,-0.04151
"2004-01-23",2004,2633,0.00324
"2004-01-30",2004,2658,0.00946
"2004-02-06",2004,2793,0.04947
"2004-02-13",2004,2885,0.0323
"2004-02-20",2004,2811,-0.02601
"2004-02-27",2004,2815,0.0016
"2004-03-05",2004,2873,0.02048
"2004-03-12",2004,2901,0.00955
"2004-03-19",2004,2931,0.0102
"2004-03-26",2004,2899,-0.0108
"2004-04-02",2004,2922,0.00791
"2004-04-09",2004,2898,-0.00847
"2004-04-16",2004,2827,-0.02457
"2004-04-23",2004,2766,-0.02195
"2004-04-30",2004,2818,0.01875
"2004-05-07",2004,2878,0.02086
"2004-05-14",2004,2959,0.02797
"2004-05-21",2004,2871,-0.03035
"2004-05-28",2004,2925,0.01853
"2004-06-04",2004,3059,0.04481
"2004-06-11",2004,3046,-0.00421
"2004-06-18",2004,3102,0.01829
"2004-06-25",2004,3053,-0.016
"2004-07-02",2004,3067,0.00479
"2004-07-09",2004,3150,0.02653
"2004-07-16",2004,3176,0.00839
"2004-07-23",2004,3180,0.00127
"2004-07-30",2004,3184,0.00098
"2004-08-06",2004,3209,0.0081
"2004-08-13",2004,3144,-0.0205
"2004-08-20",2004,3106,-0.01224
"2004-08-27",2004,3118,0.00379
"2004-09-03",2004,3001,-0.03802
"2004-09-10",2004,2965,-0.01234
"2004-09-17",2004,3159,0.06355
"2004-09-24",2004,3182,0.00705
"2004-10-01",2004,3140,-0.01316
"2004-10-08",2004,3245,0.03296
"2004-10-15",2004,3176,-0.02148
"2004-10-22",2004,3187,0.00352
"2004-10-29",2004,3301,0.03514
"2004-11-05",2004,3392,0.02693
"2004-11-12",2004,3438,0.01367
"2004-11-19",2004,3464,0.00761
"2004-11-26",2004,3396,-0.02007
"2004-12-03",2004,3342,-0.01584
"2004-12-10",2004,3400,0.01706
"2004-12-17",2004,3548,0.04255
"2004-12-24",2004,3563,0.00441
"2004-12-31",2004,3663,0.02752
"2005-01-07",2005,3581,-0.02248
"2005-01-14",2005,3573,-0.0024
"2005-01-21",2005,3513,-0.01689
"2005-01-28",2005,3595,0.02312
"2005-02-04",2005,3534,-0.01709
"2005-02-11",2005,3536,0.00058
"2005-02-18",2005,3578,0.01165
"2005-02-25",2005,3646,0.01897
"2005-03-04",2005,3651,0.00134
"2005-03-11",2005,3597,-0.01478
"2005-03-18",2005,3432,-0.04712
"2005-03-25",2005,3379,-0.0155
"2005-04-01",2005,3438,0.0172
"2005-04-08",2005,3485,0.01363
"2005-04-15",2005,3477,-0.00221
"2005-04-22",2005,3473,-0.0011
"2005-04-29",2005,3461,-0.0035
"2005-05-06",2005,3386,-0.02191
"2005-05-13",2005,3275,-0.03342
"2005-05-20",2005,3229,-0.01398
"2005-05-27",2005,3217,-0.00373
"2005-06-03",2005,3239,0.00654
"2005-06-10",2005,3293,0.01667
"2005-06-17",2005,3242,-0.01546
"2005-06-24",2005,3302,0.01831
"2005-07-01",2005,3247,-0.0169
"2005-07-08",2005,3237,-0.00321
"2005-07-15",2005,3310,0.02232
"2005-07-22",2005,3359,0.0147
"2005-07-29",2005,3367,0.00257
"2005-08-05",2005,3360,-0.00228
"2005-08-12",2005,3522,0.04732
"2005-08-19",2005,3472,-0.01453
"2005-08-26",2005,3485,0.00385
"2005-09-02",2005,3617,0.03723
"2005-09-09",2005,3657,0.01099
"2005-09-16",2005,3638,-0.00513
"2005-09-23",2005,3615,-0.00653
"2005-09-30",2005,3584,-0.00858
"2005-10-07",2005,3532,-0.01457
"2005-10-14",2005,3546,0.00386
"2005-10-21",2005,3595,0.01392
"2005-10-28",2005,3486,-0.03079
"2005-11-04",2005,3379,-0.03126
"2005-11-11",2005,3401,0.00648
"2005-11-18",2005,3440,0.01141
"2005-11-25",2005,3485,0.01294
"2005-12-02",2005,3547,0.01763
"2005-12-09",2005,3434,-0.03224
"2005-12-16",2005,3472,0.01095
"2005-12-23",2005,3488,0.00464
"2005-12-30",2005,3545,0.016
"2006-01-06",2006,3609,0.01787
"2006-01-13",2006,3678,0.01911
"2006-01-20",2006,3700,0.00599
"2006-01-27",2006,3588,-0.03082
"2006-02-03",2006,3725,0.03746
"2006-02-10",2006,3611,-0.03111
"2006-02-17",2006,3712,0.02778
"2006-02-24",2006,3651,-0.01676
"2006-03-03",2006,3572,-0.02172
"2006-03-10",2006,3424,-0.04247
"2006-03-17",2006,3441,0.00487
"2006-03-24",2006,3457,0.00481
"2006-03-31",2006,3598,0.03982
"2006-04-07",2006,3577,-0.00584
"2006-04-14",2006,3602,0.00721
"2006-04-21",2006,3633,0.00833
"2006-04-28",2006,3511,-0.03401
"2006-05-05",2006,3467,-0.01265
"2006-05-12",2006,3389,-0.02291
"2006-05-19",2006,3350,-0.01156
"2006-05-26",2006,3401,0.01534
"2006-06-02",2006,3365,-0.01078
"2006-06-09",2006,3330,-0.01044
"2006-06-16",2006,3466,0.04001
"2006-06-23",2006,3400,-0.01924
"2006-06-30",2006,3204,-0.05918
"2006-07-07",2006,3272,0.021
"2006-07-14",2006,3251,-0.00655
"2006-07-21",2006,3206,-0.01381
"2006-07-28",2006,3155,-0.01634
"2006-08-04",2006,3191,0.01148
"2006-08-11",2006,3202,0.00338
"2006-08-18",2006,3303,0.03126
"2006-08-25",2006,3338,0.01053
"2006-09-01",2006,3421,0.02449
"2006-09-08",2006,3617,0.05562
"2006-09-15",2006,3768,0.04084
"2006-09-22",2006,3725,-0.01127
"2006-09-29",2006,3542,-0.05056
"2006-10-06",2006,3487,-0.01568
"2006-10-13",2006,3707,0.06128
"2006-10-20",2006,3717,0.00262
"2006-10-27",2006,3814,0.02573
"2006-11-03",2006,3658,-0.04161
"2006-11-10",2006,3545,-0.03138
"2006-11-17",2006,3568,0.00649
"2006-11-24",2006,3510,-0.01659
"2006-12-01",2006,3507,-0.00071
"2006-12-08",2006,3394,-0.03282
"2006-12-15",2006,3415,0.00636
"2006-12-22",2006,3461,0.01337
"2006-12-29",2006,3619,0.04451
"2007-01-05",2007,3509,-0.03097
"2007-01-12",2007,3392,-0.03369
"2007-01-19",2007,3407,0.00424
"2007-01-26",2007,3368,-0.01132
"2007-02-02",2007,3431,0.01828
"2007-02-09",2007,3417,-0.00405
"2007-02-16",2007,3385,-0.00945
"2007-02-23",2007,3574,0.05433
"2007-03-02",2007,3394,-0.05162
"2007-03-09",2007,3293,-0.03018
"2007-03-16",2007,3312,0.0057
"2007-03-23",2007,3235,-0.02356
"2007-03-30",2007,3275,0.0123
"2007-04-06",2007,3351,0.02298
"2007-04-13",2007,3365,0.00419
"2007-04-20",2007,3497,0.03862
"2007-04-27",2007,3533,0.0101
"2007-05-04",2007,3467,-0.01889
"2007-05-11",2007,3282,-0.0546
"2007-05-18",2007,3366,0.02511
"2007-05-25",2007,3388,0.00641
"2007-06-01",2007,3502,0.03331
"2007-06-08",2007,3473,-0.00841
"2007-06-15",2007,3651,0.05008
"2007-06-22",2007,3756,0.02819
"2007-06-29",2007,3486,-0.07451
"2007-07-06",2007,3537,0.01443
"2007-07-13",2007,3418,-0.03424
"2007-07-20",2007,3456,0.01114
"2007-07-27",2007,3476,0.00568
"2007-08-03",2007,3405,-0.02056
"2007-08-10",2007,3321,-0.02509
"2007-08-17",2007,3344,0.00705
"2007-08-24",2007,3364,0.00581
"2007-08-31",2007,3437,0.02161
"2007-09-07",2007,3371,-0.01952
"2007-09-14",2007,3317,-0.01614
"2007-09-21",2007,3419,0.03055
"2007-09-28",2007,3399,-0.0059
"2007-10-05",2007,3404,0.00138
"2007-10-12",2007,3493,0.02588
"2007-10-19",2007,3447,-0.01329
"2007-10-26",2007,3427,-0.00593
"2007-11-02",2007,3477,0.01456
"2007-11-09",2007,3392,-0.02483
"2007-11-16",2007,3377,-0.00429
"2007-11-23",2007,3309,-0.02058
"2007-11-30",2007,3405,0.02865
"2007-12-07",2007,3427,0.00655
"2007-12-14",2007,3433,0.00173
"2007-12-21",2007,3392,-0.01212
"2007-12-28",2007,3513,0.03511
"2008-01-04",2008,3558,0.01276
"2008-01-11",2008,3587,0.00814
"2008-01-18",2008,3697,0.03029
"2008-01-25",2008,3756,0.01574
"2008-02-01",2008,3831,0.01981
"2008-02-08",2008,3889,0.015
"2008-02-15",2008,3988,0.02501
"2008-02-22",2008,3914,-0.01872
"2008-02-29",2008,3945,0.00803
"2008-03-07",2008,3872,-0.01873
"2008-03-14",2008,3804,-0.01769
"2008-03-21",2008,3835,0.00797
"2008-03-28",2008,3809,-0.00668
"2008-04-04",2008,3800,-0.00245
"2008-04-11",2008,3825,0.00657
"2008-04-18",2008,3832,0.00189
"2008-04-25",2008,3828,-0.00099
"2008-05-02",2008,3882,0.01395
"2008-05-09",2008,3965,0.02105
"2008-05-16",2008,3976,0.00278
"2008-05-23",2008,3914,-0.01551
"2008-05-30",2008,3959,0.01121
"2008-06-06",2008,4063,0.02611
"2008-06-13",2008,4108,0.01084
"2008-06-20",2008,3984,-0.03041
"2008-06-27",2008,4035,0.01251
"2008-07-04",2008,4150,0.02816
"2008-07-11",2008,4388,0.05575
"2008-07-18",2008,4155,-0.05449
"2008-07-25",2008,4004,-0.03709
"2008-08-01",2008,3969,-0.00863
"2008-08-08",2008,4149,0.04414
"2008-08-15",2008,4226,0.0185
"2008-08-22",2008,4198,-0.00673
"2008-08-29",2008,4068,-0.03151
"2008-09-05",2008,3927,-0.03504
"2008-09-12",2008,3716,-0.05531
"2008-09-19",2008,3665,-0.01381
"2008-09-26",2008,3690,0.00672
"2008-10-03",2008,3754,0.01725
"2008-10-10",2008,3669,-0.02305
"2008-10-17",2008,3727,0.01583
"2008-10-24",2008,3745,0.00472
"2008-10-31",2008,3691,-0.01435
"2008-11-07",2008,3982,0.07582
"2008-11-14",2008,4077,0.02361
"2008-11-21",2008,4006,-0.01765
"2008-11-28",2008,4035,0.00722
"2008-12-05",2008,4149,0.02792
"2008-12-12",2008,4146,-0.00068
"2008-12-19",2008,3999,-0.03619
"2008-12-26",2008,3961,-0.00963
"2009-01-02",2009,3861,-0.02551
"2009-01-09",2009,3832,-0.00755
"2009-01-16",2009,3943,0.02858
"2009-01-23",2009,3986,0.01081
"2009-01-30",2009,3936,-0.01252
"2009-02-06",2009,3933,-0.00094
"2009-02-13",2009,4009,0.01934
"2009-02-20",2009,3878,-0.03337
"2009-02-27",2009,3939,0.01578
"2009-03-06",2009,3920,-0.00486
"2009-03-13",2009,4024,0.02622
"2009-03-20",2009,4197,0.04188
"2009-03-27",2009,4177,-0.00464
"2009-04-03",2009,4218,0.00978
"2009-04-10",2009,4194,-0.00569
"2009-04-17",2009,4150,-0.01072
"2009-04-24",2009,4067,-0.02002
"2009-05-01",2009,3991,-0.01902
"2009-05-08",2009,4081,0.0223
"2009-05-15",2009,4091,0.00254
"2009-05-22",2009,4226,0.03238
"2009-05-29",2009,4198,-0.00658
"2009-06-05",2009,4180,-0.00435
"2009-06-12",2009,4291,0.02621
"2009-06-19",2009,4309,0.00418
"2009-06-26",2009,4400,0.02087
"2009-07-03",2009,4495,0.02155
"2009-07-10",2009,4495,-1e-05
"2009-07-17",2009,4458,-0.00825
"2009-07-24",2009,4576,0.02598
"2009-07-31",2009,4663,0.01891
"2009-08-07",2009,4607,-0.01211
"2009-08-14",2009,4672,0.01392
"2009-08-21",2009,4645,-0.00577
"2009-08-28",2009,4593,-0.01126
"2009-09-04",2009,4836,0.05164
"2009-09-11",2009,4974,0.02809
"2009-09-18",2009,4851,-0.02503
"2009-09-25",2009,4622,-0.0483
"2009-10-02",2009,4718,0.02063
"2009-10-09",2009,4808,0.01881
"2009-10-16",2009,4850,0.0086
"2009-10-23",2009,4882,0.00664
"2009-10-30",2009,4817,-0.01337
"2009-11-06",2009,4965,0.03017
"2009-11-13",2009,4928,-0.00738
"2009-11-20",2009,4744,-0.03799
"2009-11-27",2009,4862,0.02446
"2009-12-04",2009,4777,-0.01759
"2009-12-11",2009,4715,-0.01313
"2009-12-18",2009,4826,0.02338
"2009-12-25",2009,4880,0.01103
"2010-01-01",2010,4410,-0.10128
"2010-01-08",2010,4271,-0.03199
"2010-01-15",2010,3819,-0.11196
"2010-01-22",2010,3987,0.04325
"2010-01-29",2010,4181,0.04733
"2010-02-05",2010,3740,-0.11136
"2010-02-12",2010,3765,0.00668
"2010-02-19",2010,3463,-0.08353
"2010-02-26",2010,3807,0.09452
"2010-03-05",2010,3688,-0.03162
"2010-03-12",2010,3628,-0.01642
"2010-03-19",2010,3650,0.00589
"2010-03-26",2010,3587,-0.0172
"2010-04-02",2010,3672,0.02326
"2010-04-09",2010,3334,-0.09643
"2010-04-16",2010,3531,0.05738
"2010-04-23",2010,3585,0.01524
"2010-04-30",2010,3482,-0.02914
"2010-05-07",2010,3328,-0.04531
"2010-05-14",2010,2898,-0.13836
"2010-05-21",2010,2506,-0.14543
"2010-05-28",2010,2270,-0.0989
"2010-06-04",2010,1940,-0.1569
"2010-06-11",2010,2098,0.0781
"2010-06-18",2010,2175,0.03594
"2010-06-25",2010,2066,-0.05119
"2010-07-02",2010,2120,0.02558
"2010-07-09",2010,2181,0.02841
"2010-07-16",2010,2357,0.07767
"2010-07-23",2010,2132,-0.10012
"2010-07-30",2010,2040,-0.04436
"2010-08-06",2010,2268,0.10617
"2010-08-13",2010,2058,-0.09752
"2010-08-20",2010,2121,0.0304
"2010-08-27",2010,2210,0.04109
"2010-09-03",2010,2205,-0.00221
"2010-09-10",2010,2045,-0.07561
"2010-09-17",2010,2076,0.01523
"2010-09-24",2010,2020,-0.02727
"2010-10-01",2010,1988,-0.01626
"2010-10-08",2010,2026,0.01924
"2010-10-15",2010,2004,-0.01099
"2010-10-22",2010,2013,0.00434
"2010-10-29",2010,2038,0.01232
"2010-11-05",2010,2073,0.01737
"2010-11-12",2010,2031,-0.02052
"2010-11-19",2010,2062,0.01487
"2010-11-26",2010,2127,0.03135
"2010-12-03",2010,2117,-0.00478
"2010-12-10",2010,2154,0.01717
"2010-12-17",2010,2194,0.01858
"2010-12-24",2010,2169,-0.01143
"2010-12-31",2010,2210,0.01845
"2011-01-07",2011,2178,-0.01426
"2011-01-14",2011,2167,-0.00536
"2011-01-21",2011,2112,-0.02547
"2011-01-28",2011,2114,0.00096
"2011-02-04",2011,2129,0.00689
"2011-02-11",2011,2119,-0.00459
"2011-02-18",2011,2050,-0.03338
"2011-02-25",2011,1980,-0.03429
"2011-03-04",2011,1996,0.00764
"2011-03-11",2011,2055,0.02908
"2011-03-18",2011,2079,0.01193
"2011-03-25",2011,2078,-0.00059
"2011-04-01",2011,2061,-0.008
"2011-04-08",2011,2106,0.02149
"2011-04-15",2011,2063,-0.02057
"2011-04-22",2011,2146,0.03928
"2011-04-29",2011,2074,-0.03418
"2011-05-06",2011,2032,-0.02056
"2011-05-13",2011,1943,-0.04467
"2011-05-20",2011,1903,-0.02086
"2011-05-27",2011,1853,-0.02633
"2011-06-03",2011,1855,0.00101
"2011-06-10",2011,1908,0.02788
"2011-06-17",2011,1889,-0.01002
"2011-06-24",2011,1841,-0.02534
"2011-07-01",2011,1792,-0.02702
"2011-07-08",2011,1804,0.00652
"2011-07-15",2011,1784,-0.01144
"2011-07-22",2011,1729,-0.03083
"2011-07-29",2011,1806,0.04309
"2011-08-05",2011,1793,-0.00682
"2011-08-12",2011,1897,0.05629
"2011-08-19",2011,2021,0.06338
"2011-08-26",2011,1972,-0.02491
"2011-09-02",2011,1981,0.00485
"2011-09-09",2011,1988,0.00342
"2011-09-16",2011,2080,0.04508
"2011-09-23",2011,2090,0.00513
"2011-09-30",2011,2053,-0.0182
"2011-10-07",2011,2009,-0.02135
"2011-10-14",2011,1995,-0.0071
"2011-10-21",2011,1975,-0.01001
"2011-10-28",2011,2001,0.0132
"2011-11-04",2011,2006,0.0021
"2011-11-11",2011,2078,0.03555
"2011-11-18",2011,2155,0.03609
"2011-11-25",2011,2133,-0.01
"2011-12-02",2011,2064,-0.0327
"2011-12-09",2011,2143,0.03727
"2011-12-16",2011,2195,0.02388
"2011-12-23",2011,2119,-0.03494
"2011-12-30",2011,2080,-0.01886
"2012-01-06",2012,2075,-0.00222
"2012-01-13",2012,2070,-0.00243
"2012-01-20",2012,2128,0.02762
"2012-01-27",2012,2192,0.02967
"2012-02-03",2012,2074,-0.05549
"2012-02-10",2012,2111,0.01803
"2012-02-17",2012,2089,-0.01071
"2012-02-24",2012,2130,0.01936
"2012-03-02",2012,2124,-0.00259
"2012-03-09",2012,2165,0.01888
"2012-03-16",2012,2195,0.01381
"2012-03-23",2012,2201,0.00281
"2012-03-30",2012,2172,-0.01327
"2012-04-06",2012,2190,0.00812
"2012-04-13",2012,2131,-0.02709
"2012-04-20",2012,2080,-0.02417
"2012-04-27",2012,2063,-0.00853
"2012-05-04",2012,2088,0.01208
"2012-05-11",2012,2098,0.00511
"2012-05-18",2012,2004,-0.04594
"2012-05-25",2012,1951,-0.02679
"2012-06-01",2012,2000,0.02449
"2012-06-08",2012,2067,0.03306
"2012-06-15",2012,1969,-0.04846
"2012-06-22",2012,1969,-9e-05
"2012-06-29",2012,1919,-0.02567
"2012-07-06",2012,1957,0.01963
"2012-07-13",2012,1970,0.00635
"2012-07-20",2012,2036,0.03332
"2012-07-27",2012,2034,-0.00126
"2012-08-03",2012,1948,-0.04286
"2012-08-10",2012,1942,-0.00355
"2012-08-17",2012,1940,-0.00074
"2012-08-24",2012,1949,0.00482
"2012-08-31",2012,1912,-0.0195
"2012-09-07",2012,1910,-0.00082
"2012-09-14",2012,1931,0.01099
"2012-09-21",2012,1965,0.01737
"2012-09-28",2012,1982,0.00861
"2012-10-05",2012,2005,0.0113
"2012-10-12",2012,1973,-0.01602
"2012-10-19",2012,1919,-0.02757
"2012-10-26",2012,1903,-0.0087
"2012-11-02",2012,1842,-0.03253
"2012-11-09",2012,1809,-0.01815
"2012-11-16",2012,1786,-0.0126
"2012-11-23",2012,1761,-0.01421
"2012-11-30",2012,1816,0.03106
"2012-12-07",2012,1810,-0.00346
"2012-12-14",2012,1821,0.00631
"2012-12-21",2012,1794,-0.01505
"2012-12-28",2012,1828,0.01868
"2013-01-04",2013,1831,0.00173
"2013-01-11",2013,1807,-0.01314
"2013-01-18",2013,1745,-0.03526
"2013-01-25",2013,1796,0.0287
"2013-02-01",2013,1807,0.00617
"2013-02-08",2013,1795,-0.00652
"2013-02-15",2013,1832,0.0202
"2013-02-22",2013,1852,0.01125
"2013-03-01",2013,1924,0.03819
"2013-03-08",2013,1895,-0.01558
"2013-03-15",2013,1900,0.00298
"2013-03-22",2013,1885,-0.00813
"2013-03-29",2013,1855,-0.01598
"2013-04-05",2013,1775,-0.04429
"2013-04-12",2013,1725,-0.02822
"2013-04-19",2013,1731,0.00303
"2013-04-26",2013,1725,-0.00301
"2013-05-03",2013,1722,-0.00172
"2013-05-10",2013,1800,0.04394
"2013-05-17",2013,1706,-0.05342
"2013-05-24",2013,1721,0.00868
"2013-05-31",2013,1682,-0.02267
"2013-06-07",2013,1708,0.0149
"2013-06-14",2013,1744,0.021
"2013-06-21",2013,1672,-0.04185
"2013-06-28",2013,1725,0.03092
"2013-07-05",2013,1730,0.00275
"2013-07-12",2013,1710,-0.01165
"2013-07-19",2013,1758,0.02801
"2013-07-26",2013,1738,-0.0114
"2013-08-02",2013,1719,-0.01109
"2013-08-09",2013,1736,0.01
"2013-08-16",2013,1733,-0.00201
"2013-08-23",2013,1704,-0.01677
"2013-08-30",2013,1665,-0.02327
"2013-09-06",2013,1763,0.05727
"2013-09-13",2013,1773,0.00583
"2013-09-20",2013,1738,-0.02013
"2013-09-27",2013,1702,-0.02065
"2013-10-04",2013,1717,0.00829
"2013-10-11",2013,1767,0.02891
"2013-10-18",2013,1773,0.00356
"2013-10-25",2013,1847,0.0406
"2013-11-01",2013,1912,0.03493
"2013-11-08",2013,1889,-0.01216
"2013-11-15",2013,1888,-0.00063
"2013-11-22",2013,1840,-0.02581
"2013-11-29",2013,1834,-0.00332
"2013-12-06",2013,1792,-0.02323
"2013-12-13",2013,1801,0.00533
"2013-12-20",2013,1856,0.03007
"2013-12-27",2013,1930,0.03901
"2014-01-03",2014,1990,0.03056
"2014-01-10",2014,2026,0.01786
"2014-01-17",2014,1990,-0.01773
"2014-01-24",2014,2029,0.0193
"2014-01-31",2014,2023,-0.00291
"2014-02-07",2014,2038,0.00745
"2014-02-14",2014,2003,-0.01736
"2014-02-21",2014,2020,0.00835
"2014-02-28",2014,1930,-0.04577
"2014-03-07",2014,1956,0.01335
"2014-03-14",2014,1921,-0.01776
"2014-03-21",2014,2025,0.05282
"2014-03-28",2014,2066,0.01972
"2014-04-04",2014,2047,-0.00922
"2014-04-11",2014,2034,-0.00605
"2014-04-18",2014,2148,0.05407
"2014-04-25",2014,2159,0.00526
"2014-05-02",2014,2179,0.00909
"2014-05-09",2014,2203,0.01124
"2014-05-16",2014,2067,-0.06382
"2014-05-23",2014,2098,0.01474
"2014-05-30",2014,2146,0.02259
"2014-06-06",2014,2219,0.0338
"2014-06-13",2014,2325,0.04642
"2014-06-20",2014,2290,-0.01492
"2014-06-27",2014,2331,0.0174
"2014-07-04",2014,2447,0.04859
"2014-07-11",2014,2393,-0.02232
"2014-07-18",2014,2325,-0.0286
"2014-07-25",2014,2316,-0.00393
"2014-08-01",2014,2339,0.00987
"2014-08-08",2014,2169,-0.07547
"2014-08-15",2014,2169,0.00021
"2014-08-22",2014,2137,-0.01489
"2014-08-29",2014,2181,0.02037
"2014-09-05",2014,2116,-0.03061
"2014-09-12",2014,2168,0.02458
"2014-09-19",2014,2234,0.02972
"2014-09-26",2014,2215,-0.00833
"2014-10-03",2014,2256,0.01835
"2014-10-10",2014,2290,0.01512
"2014-10-17",2014,2288,-0.00116
"2014-10-24",2014,2213,-0.03332
"2014-10-31",2014,2281,0.03033
"2014-11-07",2014,2294,0.00569
"2014-11-14",2014,2321,0.01168
"2014-11-21",2014,2371,0.02136
"2014-11-28",2014,2290,-0.03471
"2014-12-05",2014,2285,-0.0024
"2014-12-12",2014,2298,0.00577
"2014-12-19",2014,2235,-0.02795
"2014-12-26",2014,2231,-0.00138
"2015-01-02",2015,2137,-0.04342
"2015-01-09",2015,2137,-2e-05
"2015-01-16",2015,2225,0.04067
"2015-01-23",2015,2219,-0.00281
"2015-01-30",2015,2187,-0.01465
"2015-02-06",2015,2192,0.00225
"2015-02-13",2015,2173,-0.00853
"2015-02-20",2015,2281,0.04866
"2015-02-27",2015,2148,-0.06037
"2015-03-06",2015,2168,0.00918
"2015-03-13",2015,2080,-0.04118
"2015-03-20",2015,2122,0.02007
"2015-03-27",2015,2163,0.01906
"2015-04-03",2015,2200,0.01685
"2015-04-10",2015,2272,0.0324
"2015-04-17",2015,2241,-0.01367
"2015-04-24",2015,2113,-0.05887
"2015-05-01",2015,2054,-0.02848
"2015-05-08",2015,1944,-0.05486
"2015-05-15",2015,1897,-0.02477
"2015-05-22",2015,1913,0.00871
"2015-05-29",2015,1813,-0.05364
"2015-06-05",2015,1709,-0.05905
"2015-06-12",2015,1685,-0.0145
"2015-06-19",2015,1756,0.04143
"2015-06-26",2015,1683,-0.0428
"2015-07-03",2015,1642,-0.02447
"2015-07-10",2015,1617,-0.01556
"2015-07-17",2015,1588,-0.01789
"2015-07-24",2015,1538,-0.03169
"2015-07-31",2015,1446,-0.06156
"2015-08-07",2015,1452,0.00361
"2015-08-14",2015,1506,0.03696
"2015-08-21",2015,1456,-0.0337
"2015-08-28",2015,1411,-0.03141
"2015-09-04",2015,1411,-0.00041
"2015-09-11",2015,1365,-0.03336
"2015-09-18",2015,1406,0.03005
"2015-09-25",2015,1406,-0.00044
"2015-10-02",2015,1465,0.04158
"2015-10-09",2015,1421,-0.03035
"2015-10-16",2015,1466,0.03059
"2015-10-23",2015,1544,0.05229
"2015-10-30",2015,1566,0.01371
"2015-11-06",2015,1499,-0.04342
"2015-11-13",2015,1456,-0.02937
"2015-11-20",2015,1406,-0.03446
"2015-11-27",2015,1424,0.0121
"2015-12-04",2015,1395,-0.02029
"2015-12-11",2015,1361,-0.02489
"2015-12-18",2015,1323,-0.02799
"2015-12-25",2015,1290,-0.0251
"2016-01-01",2016,1227,-0.05044
"2016-01-08",2016,1234,0.00624
"2016-01-15",2016,1217,-0.01451
"2016-01-22",2016,1208,-0.00708
"2016-01-29",2016,1226,0.01436
"2016-02-05",2016,1261,0.02872
"2016-02-12",2016,1242,-0.01565
"2016-02-19",2016,1272,0.02441
"2016-02-26",2016,1230,-0.03371
"2016-03-04",2016,1241,0.00854
"2016-03-11",2016,1237,-0.00316
"2016-03-18",2016,1210,-0.02196
"2016-03-25",2016,1236,0.021
"2016-04-01",2016,1226,-0.00808
"2016-04-08",2016,1199,-0.02237
"2016-04-15",2016,1177,-0.01836
"2016-04-22",2016,1164,-0.01125
"2016-04-29",2016,1134,-0.02579
"2016-05-06",2016,1131,-0.00259
"2016-05-13",2016,1130,-0.00057
"2016-05-20",2016,1128,-0.00214
"2016-05-27",2016,1135,0.00617
"2016-06-03",2016,1185,0.0428
"2016-06-10",2016,1183,-0.00153
"2016-06-17",2016,1208,0.02125
"2016-06-24",2016,1203,-0.00413
"2016-07-01",2016,1197,-0.00546
"2016-07-08",2016,1196,-0.00066
"2016-07-15",2016,1201,0.00439
"2016-07-22",2016,1183,-0.01521
"2016-07-29",2016,1228,0.03724
"2016-08-05",2016,1253,0.01987
"2016-08-12",2016,1265,0.00978
"2016-08-19",2016,1218,-0.03766
"2016-08-26",2016,1230,0.01005
"2016-09-02",2016,1245,0.01166
"2016-09-09",2016,1229,-0.01276
"2016-09-16",2016,1262,0.02652
"2016-09-23",2016,1358,0.07326
"2016-09-30",2016,1379,0.01564
"2016-10-07",2016,1433,0.03791
"2016-10-14",2016,1417,-0.01084
"2016-10-21",2016,1446,0.0204
"2016-10-28",2016,1439,-0.00549
"2016-11-04",2016,1516,0.05235
"2016-11-11",2016,1532,0.01055
"2016-11-18",2016,1590,0.03735
"2016-11-25",2016,1552,-0.02445
"2016-12-02",2016,1524,-0.01791
"2016-12-09",2016,1476,-0.03222
"2016-12-16",2016,1544,0.04535
"2016-12-23",2016,1603,0.03704
"2016-12-30",2016,1599,-0.00241
"2017-01-06",2017,1561,-0.02423
"2017-01-13",2017,1584,0.01474
"2017-01-20",2017,1599,0.00946
"2017-01-27",2017,1654,0.03403
"2017-02-03",2017,1602,-0.03186
"2017-02-10",2017,1561,-0.02643
"2017-02-17",2017,1503,-0.03765
"2017-02-24",2017,1551,0.03159
"2017-03-03",2017,1599,0.03055
"2017-03-10",2017,1628,0.01764
"2017-03-17",2017,1625,-0.00192
"2017-03-24",2017,1625,0.00045
"2017-03-31",2017,1685,0.03587
"2017-04-07",2017,1690,0.00292
"2017-04-14",2017,1657,-0.01969
"2017-04-21",2017,1600,-0.03482
"2017-04-28",2017,1629,0.01772
"2017-05-05",2017,1645,0.01022
"2017-05-12",2017,1683,0.02243
"2017-05-19",2017,1689,0.00397
"2017-05-26",2017,1647,-0.02507
"2017-06-02",2017,1591,-0.03483
"2017-06-09",2017,1532,-0.03794
"2017-06-16",2017,1535,0.00224
"2017-06-23",2017,1525,-0.00648
"2017-06-30",2017,1459,-0.04438
"2017-07-07",2017,1421,-0.02621
"2017-07-14",2017,1400,-0.01515
"2017-07-21",2017,1414,0.01
"2017-07-28",2017,1421,0.00485
"2017-08-04",2017,1451,0.02075
"2017-08-11",2017,1395,-0.03925
"2017-08-18",2017,1349,-0.03322
"2017-08-25",2017,1314,-0.02675
"2017-09-01",2017,1335,0.01634
"2017-09-08",2017,1337,0.00095
"2017-09-15",2017,1342,0.00409
"2017-09-22",2017,1354,0.00889
"2017-09-29",2017,1333,-0.01562
"2017-10-06",2017,1295,-0.02867
"2017-10-13",2017,1283,-0.00935
"2017-10-20",2017,1278,-0.00405
"2017-10-27",2017,1266,-0.00954
"2017-11-03",2017,1276,0.00785
"2017-11-10",2017,1341,0.04996
"2017-11-17",2017,1348,0.00472
"2017-11-24",2017,1345,-0.00209
"2017-12-01",2017,1348,0.00219
"2017-12-08",2017,1391,0.03184
"2017-12-15",2017,1339,-0.0386
"2017-12-22",2017,1304,-0.02604
"2017-12-29",2017,1306,0.00142
"2018-01-05",2018,1319,0.0101
"2018-01-12",2018,1273,-0.03625
"2018-01-19",2018,1354,0.06181
"2018-01-26",2018,1391,0.02688
"2018-02-02",2018,1348,-0.03101
"2018-02-09",2018,1349,0.00096
"2018-02-16",2018,1367,0.01331
"2018-02-23",2018,1359,-0.00638
"2018-03-02",2018,1386,0.02021
"2018-03-09",2018,1394,0.00517
"2018-03-16",2018,1432,0.02711
"2018-03-23",2018,1435,0.00196
"2018-03-30",2018,1485,0.03432
"2018-04-06",2018,1468,-0.0112
"2018-04-13",2018,1516,0.0321
"2018-04-20",2018,1518,0.00147
"2018-04-27",2018,1524,0.00348
"2018-05-04",2018,1487,-0.02467
"2018-05-11",2018,1527,0.0265
"2018-05-18",2018,1514,-0.00798
"2018-05-25",2018,1507,-0.00469
"2018-06-01",2018,1520,0.0086
"2018-06-08",2018,1464,-0.03778
"2018-06-15",2018,1448,-0.011
"2018-06-22",2018,1419,-0.02019
"2018-06-29",2018,1431,0.00851
"2018-07-06",2018,1363,-0.04905
"2018-07-13",2018,1323,-0.02924
"2018-07-20",2018,1354,0.02314
"2018-07-27",2018,1353,-0.00084
"2018-08-03",2018,1310,-0.0326
"2018-08-10",2018,1280,-0.02316
"2018-08-17",2018,1309,0.02284
"2018-08-24",2018,1305,-0.003
"2018-08-31",2018,1297,-0.00685
"2018-09-07",2018,1243,-0.04193
"2018-09-14",2018,1248,0.00365
"2018-09-21",2018,1257,0.00713
"2018-09-28",2018,1245,-0.00977
"2018-10-05",2018,1277,0.02574
"2018-10-12",2018,1285,0.0063
"2018-10-19",2018,1270,-0.01147
"2018-10-26",2018,1327,0.04347
"2018-11-02",2018,1345,0.01347
"2018-11-09",2018,1345,-0.00014
"2018-11-16",2018,1323,-0.01634
"2018-11-23",2018,1350,0.02063
"2018-11-30",2018,1393,0.0311
"2018-12-07",2018,1387,-0.0045
"2018-12-14",2018,1468,0.05662
"2018-12-21",2018,1485,0.01172
"2018-12-28",2018,1495,0.00665
"2019-01-04",2019,1470,-0.01658
"2019-01-11",2019,1506,0.02429
"2019-01-18",2019,1482,-0.01659
"2019-01-25",2019,1444,-0.02594
"2019-02-01",2019,1447,0.0025
"2019-02-08",2019,1440,-0.00503
"2019-02-15",2019,1414,-0.01862
"2019-02-22",2019,1461,0.03323
"2019-03-01",2019,1545,0.05539
"2019-03-08",2019,1550,0.00353
"2019-03-15",2019,1570,0.01312
"2019-03-22",2019,1654,0.05181
"2019-03-29",2019,1609,-0.02762
"2019-04-05",2019,1657,0.02942
"2019-04-12",2019,1687,0.01807
"2019-04-19",2019,1724,0.02147
"2019-04-26",2019,1646,-0.04592
"2019-05-03",2019,1737,0.05365
"2019-05-10",2019,1710,-0.01597
"2019-05-17",2019,1719,0.00522
"2019-05-24",2019,1707,-0.0066
"2019-05-31",2019,1618,-0.05342
"2019-06-07",2019,1626,0.00437
"2019-06-14",2019,1670,0.02697
"2019-06-21",2019,1609,-0.03721
"2019-06-28",2019,1609,-2e-05
"2019-07-05",2019,1607,-0.0014
"2019-07-12",2019,1585,-0.01366
"2019-07-19",2019,1603,0.01108
"2019-07-26",2019,1615,0.00768
"2019-08-02",2019,1566,-0.03052
"2019-08-09",2019,1594,0.01734
"2019-08-16",2019,1540,-0.03421
"2019-08-23",2019,1569,0.01853
"2019-08-30",2019,1651,0.05072
"2019-09-06",2019,1650,-0.00025
"2019-09-13",2019,1611,-0.0238
"2019-09-20",2019,1655,0.02691
"2019-09-27",2019,1632,-0.01411
"2019-10-04",2019,1590,-0.02597
"2019-10-11",2019,1521,-0.04475
"2019-10-18",2019,1570,0.03189
"2019-10-25",2019,1520,-0.03207
"2019-11-01",2019,1517,-0.00254
"2019-11-08",2019,1466,-0.03388
"2019-11-15",2019,1476,0.00675
"2019-11-22",2019,1436,-0.02746
"2019-11-29",2019,1451,0.01019
"2019-12-06",2019,1414,-0.02539
"2019-12-13",2019,1400,-0.01005
"2019-12-20",2019,1436,0.02542
"2019-12-27",2019,1478,0.02836
"2020-01-03",2020,1472,-0.00405
"2020-01-10",2020,1508,0.02431
"2020-01-17",2020,1459,-0.03279
"2020-01-24",2020,1442,-0.01214
"2020-01-31",2020,1499,0.03885
"2020-02-07",2020,1502,0.00211
"2020-02-14",2020,1478,-0.01573
"2020-02-21",2020,1536,0.03832
"2020-02-28",2020,1556,0.01269
"2020-03-06",2020,1596,0.02548
"2020-03-13",2020,1560,-0.0228
"2020-03-20",2020,1615,0.03489
"2020-03-27",2020,1576,-0.02473
"2020-04-03",2020,1539,-0.02388
"2020-04-10",2020,1537,-0.00126
"2020-04-17",2020,1508,-0.01855
"2020-04-24",2020,1502,-0.00411
"2020-05-01",2020,1590,0.05647
"2020-05-08",2020,1523,-0.04252
"2020-05-15",2020,1465,-0.03892
"2020-05-22",2020,1495,0.02025
"2020-05-29",2020,1536,0.02682
"2020-06-05",2020,1575,0.02542
"2020-06-12",2020,1584,0.00524
"2020-06-19",2020,1611,0.01715
"2020-06-26",2020,1634,0.01406
"2020-07-03",2020,1582,-0.03257
"2020-07-10",2020,1567,-0.00952
"2020-07-17",2020,1599,0.02077
"2020-07-24",2020,1545,-0.03476
"2020-07-31",2020,1581,0.02316
"2020-08-07",2020,1530,-0.0328
"2020-08-14",2020,1505,-0.01651
"2020-08-21",2020,1485,-0.01333
"2020-08-28",2020,1560,0.04918
"2020-09-04",2020,1476,-0.05498
"2020-09-11",2020,1480,0.00215
"2020-09-18",2020,1511,0.0209
"2020-09-25",2020,1507,-0.00286
"2020-10-02",2020,1521,0.00965
"2020-10-09",2020,1615,0.05981
"2020-10-16",2020,1675,0.03648
"2020-10-23",2020,1761,0.0502
"2020-10-30",2020,1833,0.04019
"2020-11-06",2020,1935,0.0542
"2020-11-13",2020,2047,0.05608
"2020-11-20",2020,1974,-0.0365
"2020-11-27",2020,2041,0.03332
"2020-12-04",2020,2060,0.00968
"2020-12-11",2020,2004,-0.02781
"2020-12-18",2020,1906,-0.04995
"2020-12-25",2020,1831,-0.04015
"2021-01-01",2021,1794,-0.02063
"2021-01-08",2021,1805,0.00598
"2021-01-15",2021,1820,0.00855
"2021-01-22",2021,1822,0.00083
"2021-01-29",2021,1788,-0.01839
"2021-02-05",2021,1833,0.02485
"2021-02-12",2021,1845,0.00642
"2021-02-19",2021,1872,0.0146
"2021-02-26",2021,1879,0.00338
"2021-03-05",2021,1836,-0.02317
"2021-03-12",2021,1890,0.0291
"2021-03-19",2021,1833,-0.03076
"2021-03-26",2021,1895,0.03334
"2021-04-02",2021,1940,0.02386
"2021-04-09",2021,1950,0.00466
"2021-04-16",2021,1998,0.02473
"2021-04-23",2021,2045,0.02322
"2021-04-30",2021,2076,0.01496
"2021-05-07",2021,2033,-0.02077
"2021-05-14",2021,2028,-0.00282
"2021-05-21",2021,2027,-0.00022
"2021-05-28",2021,2053,0.01265
"2021-06-04",2021,1987,-0.03279
"2021-06-11",2021,2016,0.01444
"2021-06-18",2021,1977,-0.01918
"2021-06-25",2021,1985,0.00405
"2021-07-02",2021,2057,0.0352
"2021-07-09",2021,2031,-0.01273
"2021-07-16",2021,2041,0.00529
"2021-07-23",2021,2048,0.0033
"2021-07-30",2021,1987,-0.03052
"2021-08-06",2021,1965,-0.01095
"2021-08-13",2021,1953,-0.0061
"2021-08-20",2021,1957,0.00184
"2021-08-27",2021,1982,0.01309
"2021-09-03",2021,1920,-0.03214
"2021-09-10",2021,2012,0.04678
"2021-09-17",2021,1958,-0.02689
"2021-09-24",2021,1802,-0.08341
"2021-10-01",2021,1815,0.00749
"2021-10-08",2021,1726,-0.05038
"2021-10-15",2021,1777,0.02926
"2021-10-22",2021,1785,0.00436
"2021-10-29",2021,1770,-0.00825
"2021-11-05",2021,1764,-0.00378
"2021-11-12",2021,1769,0.00294
"2021-11-19",2021,1763,-0.00327
"2021-11-26",2021,1747,-0.00913
"2021-12-03",2021,1701,-0.02652
"2021-12-10",2021,1713,0.00712
"2021-12-17",2021,1707,-0.00344
"2021-12-24",2021,1663,-0.02651
"2021-12-31",2021,1630,-0.01986
"2022-01-07",2022,1613,-0.01072
"2022-01-14",2022,1687,0.04487
"2022-01-21",2022,1645,-0.02477
"2022-01-28",2022,1648,0.00157
"2022-02-04",2022,1628,-0.01236
"2022-02-11",2022,1589,-0.02384
"2022-02-18",2022,1621,0.01951
"2022-02-25",2022,1613,-0.00504
"2022-03-04",2022,1589,-0.01452
"2022-03-11",2022,1536,-0.03444
"2022-03-18",2022,1492,-0.02847
"2022-03-25",2022,1604,0.07227
"2022-04-01",2022,1650,0.02796
"2022-04-08",2022,1689,0.02367
"2022-04-15",2022,1677,-0.00732
"2022-04-22",2022,1665,-0.00697
"2022-04-29",2022,1680,0.00847
"2022-05-06",2022,1657,-0.01329
"2022-05-13",2022,1654,-0.00218
"2022-05-20",2022,1628,-0.01558
"2022-05-27",2022,1622,-0.00394
"2022-06-03",2022,1711,0.05363
"2022-06-10",2022,1744,0.0189
"2022-06-17",2022,1744,5e-05
"2022-06-24",2022,1776,0.0183
"2022-07-01",2022,1827,0.02852
"2022-07-08",2022,1908,0.04331
"2022-07-15",2022,1826,-0.04408
"2022-07-22",2022,1829,0.00178
"2022-07-29",2022,1774,-0.03073
"2022-08-05",2022,1793,0.01063
"2022-08-12",2022,1725,-0.0387
"2022-08-19",2022,1713,-0.00676
"2022-08-26",2022,1694,-0.01119
"2022-09-02",2022,1727,0.01923
"2022-09-09",2022,1746,0.01094
"2022-09-16",2022,1751,0.00262
"2022-09-23",2022,1701,-0.02895
"2022-09-30",2022,1660,-0.02399
"2022-10-07",2022,1697,0.02158
"2022-10-14",2022,1700,0.00201
"2022-10-21",2022,1577,-0.07487
"2022-10-28",2022,1545,-0.02096
"2022-11-04",2022,1570,0.01618
"2022-11-11",2022,1563,-0.00431
"2022-11-18",2022,1603,0.02548
"2022-11-25",2022,1588,-0.00995
"2022-12-02",2022,1604,0.01015
"2022-12-09",2022,1619,0.0096
"2022-12-16",2022,1596,-0.01471
"2022-12-23",2022,1615,0.01208
"2022-12-30",2022,1607,-0.00481
"2023-01-06",2023,1595,-0.00738
"2023-01-13",2023,1572,-0.01476
"2023-01-20",2023,1551,-0.01342
"2023-01-27",2023,1551,-9e-05
"2023-02-03",2023,1562,0.00686
"2023-02-10",2023,1568,0.0043
"2023-02-17",2023,1585,0.01034
"2023-02-24",2023,1602,0.01075
"2023-03-03",2023,1628,0.01642
"2023-03-10",2023,1616,-0.00734
"2023-03-17",2023,1587,-0.01862
"2023-03-24",2023,1607,0.01262
"2023-03-31",2023,1655,0.02947
"2023-04-07",2023,1669,0.00834
"2023-04-14",2023,1611,-0.0349
"2023-04-21",2023,1660,0.02969
"2023-04-28",2023,1691,0.01838
"2023-05-05",2023,1676,-0.00887
"2023-05-12",2023,1744,0.03967
"2023-05-19",2023,1773,0.01697
"2023-05-26",2023,1803,0.0164
"2023-06-02",2023,1755,-0.02702
"2023-06-09",2023,1752,-0.00165
"2023-06-16",2023,1766,0.00826
"2023-06-23",2023,1762,-0.00228
"2023-06-30",2023,1738,-0.01419
"2023-07-07",2023,1712,-0.01484
"2023-07-14",2023,1613,-0.05927
"2023-07-21",2023,1547,-0.04174
"2023-07-28",2023,1507,-0.02632
"2023-08-04",2023,1490,-0.01155
"2023-08-11",2023,1467,-0.01561
"2023-08-18",2023,1427,-0.02742
"2023-08-25",2023,1442,0.01005
"2023-09-01",2023,1456,0.00997
"2023-09-08",2023,1489,0.02207
"2023-09-15",2023,1513,0.01637
"2023-09-22",2023,1561,0.03131
"2023-09-29",2023,1519,-0.02741
"2023-10-06",2023,1505,-0.00951
"2023-10-13",2023,1542,0.02482
"2023-10-20",2023,1485,-0.03775
"2023-10-27",2023,1550,0.04269
"2023-11-03",2023,1557,0.00433
"2023-11-10",2023,1565,0.00525
"2023-11-17",2023,1527,-0.02433
"2023-11-24",2023,1449,-0.053
"2023-12-01",2023,1466,0.012
"2023-12-08",2023,1487,0.01425
"2023-12-15",2023,1469,-0.01249
"2023-12-22",2023,1418,-0.03537
"2023-12-29",2023,1409,-0.00619
